summary_id,employee_id,month_year,working_days,days_present,days_absent,days_wfh,late_arrivals,early_departures,overtime_hours,total_hours_logged,attendance_pct,leave_days_taken,loss_of_pay_days,department,shift,approved_by
ATTEFXQ2OHH,,2025-02,0,26,-1,4,27,3,-5.0,,150.0,0,0,Finance,Day,EMP00049
ATT5H8A209I,EMP00251,2024-05,22,19,3,1,4,0,3.0,155.0,86.4,3,0,Legal,Flexible,EMP00032
ATT0AXJ4TP4,EMP00728,2025-02,23,19,4,8,0,1,1.9,153.9,82.6,3,2,Marketing,Day,EMP00007
ATTV3USYIUH,EMP00668,2024-10,22,17,5,4,2,0,4.6,140.6,77.3,0,2,Legal,Flexible,EMP00034
ATTYFNS2N4I,EMP00338,2023-09,21,15,6,7,0,3,7.7,127.7,71.4,5,2,Legal,Night,EMP00002
ATTNBADRMC1,EMP00686,2024-02,23,22,1,8,1,2,2.3,178.3,95.7,1,2,Sales,Day,EMP00034
ATTY2VH5PYH,EMP00727,2023-02,20,16,4,1,3,3,7.5,135.5,80.0,1,0,Product,Day,EMP00023
ATT3JQ0ZHGI,EMP00046,2023-04,22,20,2,8,4,2,18.9,178.9,90.9,0,1,Sales,Day,EMP00039
ATTDLBGWM3S,EMP00724,2024-12,23,18,5,2,4,1,14.5,158.5,78.3,3,2,Sales,Day,EMP00003
ATTGMT6G802,EMP00391,2024-12,21,23,0,10,0,0,14.0,182.0,100.0,0,2,Engineering,Night,EMP00040
ATT2URJQVPW,EMP00176,2025-01,20,15,5,6,0,0,7.9,127.9,75.0,4,0,Sales,Day,EMP00005
ATTALXTP9VF,EMP00096,2024-01,21,18,3,5,4,1,4.8,148.8,85.7,2,2,Engineering,Day,EMP00041
ATTNHG738AM,EMP00393,2023-12,23,20,3,3,2,3,3.1,163.1,87.0,0,2,Operations,Day,EMP00035
ATT0OW01F4G,EMP00029,2024-09,20,18,-1,5,4,2,4.5,148.5,90.0,0,2,Sales,Day,EMP00040
ATT4MADW1WL,EMP00585,2025-05,22,21,1,7,2,3,7.8,175.8,95.5,1,2,Sales,Night,EMP00047
ATTY9QHGJ20,EMP00480,2023-11,23,22,1,1,5,2,2.8,178.8,95.7,0,1,Finance,Flexible,EMP00046
ATTZQ0W9UMM,EMP00190,2024-08,23,17,6,8,5,0,7.3,143.3,73.9,3,0,Sales,Day,EMP00029
ATT8M41UJML,,2025-06,22,21,1,1,1,2,13.1,181.1,95.5,1,0,Operations,Day,EMP00005
ATTZTVZB26R,EMP00537,2024-04,20,22,2,9,1,1,9.7,153.7,90.0,0,1,Product,Day,EMP00026
ATTDVCBRMTG,EMP00553,2024-12,20,16,4,8,4,1,13.4,141.4,80.0,1,2,Engineering,Day,EMP00034
ATTLLWBJTQK,EMP00107,2024-09,20,18,2,9,3,3,4.9,148.9,90.0,1,2,Sales,Flexible,EMP00018
ATT20AY44J5,EMP00133,2025-04,22,22,0,2,2,0,12.2,188.2,100.0,0,2,Engineering,Day,EMP00027
ATTSTOYXUBY,EMP00136,2023-02,20,19,1,3,1,3,-5.0,165.5,95.0,1,1,Operations,Day,EMP00031
ATTRPJQ7CB8,EMP00220,2024-09,20,20,0,3,5,0,1.1,161.1,100.0,0,0,Sales,Day,EMP00050
ATTUBQO52M8,EMP00168,2024-06,20,20,0,1,4,1,18.1,178.1,100.0,0,2,Legal,Flexible,EMP00007
ATTTBJX02CP,EMP00254,2024-03,23,16,7,7,0,0,5.4,133.4,69.6,3,2,Sales,Day,EMP00027
ATTWNM9YLVE,EMP00702,2024-10,21,15,-1,0,3,2,11.2,131.2,71.4,5,0,Legal,Day,EMP00034
ATTWQOWEYY1,EMP00601,2024-01,22,24,2,3,4,1,12.7,172.7,90.9,1,1,Legal,Day,EMP00029
ATTIJ8BZ5FY,EMP00036,2025-02,21,17,4,9,3,2,1.7,137.7,150.0,3,0,Legal,Day,EMP00006
ATT30ZWKSTQ,EMP00574,2023-01,22,21,1,6,1,1,11.4,179.4,95.5,0,2,Engineering,Day,EMP00030
ATTNIUH9TJH,EMP00030,2024-07,22,16,6,8,2,2,12.1,140.1,72.7,2,0,Finance,Day,EMP00043
ATTMWLGXI3M,EMP00245,2024-03,23,17,6,10,1,0,9.0,145.0,73.9,2,2,Legal,Day,EMP00049
ATTZ805UVTK,EMP00279,2023-03,20,15,5,4,4,0,13.0,133.0,75.0,4,0,Product,Day,EMP00013
ATTV8HVSKPE,EMP00293,2024-05,20,18,2,6,5,0,7.0,,90.0,1,2,Finance,Day,EMP00027
ATTGJ9HRQIH,,2024-07,22,20,2,1,5,2,18.7,178.7,90.9,2,1,Finance,Night,EMP00019
ATTO3ELJ2RB,EMP00618,2023-09,20,20,0,7,3,3,5.4,165.4,100.0,0,2,Marketing,Day,EMP00016
ATT0EK3KAPV,EMP00123,2024-10,22,26,0,9,0,3,2.6,178.6,100.0,0,2,Sales,Day,EMP00035
ATTJJ3VLRP6,EMP00204,2025-01,22,19,3,10,2,2,10.1,162.1,86.4,3,2,Marketing,Flexible,EMP00025
ATTBXGUJ0IK,EMP00359,2023-04,0,21,2,0,2,2,5.8,173.8,91.3,1,2,Finance,Night,EMP00001
ATT28NEBHYZ,EMP00075,2025-05,23,22,-1,6,1,1,5.1,181.1,95.7,0,1,Legal,Day,EMP00015
ATTSDH32QVS,EMP00405,2025-05,20,16,4,3,5,2,19.0,147.0,80.0,0,2,Sales,Day,EMP00041
ATTRRLRA30V,EMP00233,2024-04,22,21,1,2,5,3,2.0,170.0,95.5,0,0,Engineering,Flexible,EMP00044
ATTUYQENK1Z,EMP00542,2024-08,20,17,3,7,2,1,7.2,143.2,85.0,2,2,Finance,Day,EMP00042
ATTCC5CNDPV,EMP00375,2023-11,22,22,0,5,1,3,2.2,178.2,100.0,0,2,Finance,Night,EMP00013
ATTM2PK2XAH,EMP00760,2025-02,23,16,7,2,28,2,-5.0,145.6,69.6,2,2,Operations,Flexible,EMP00042
ATTY2PJYLWK,EMP00015,2024-11,20,24,4,9,3,0,0.9,128.9,80.0,4,0,Engineering,Day,EMP00033
ATT4QX8U0YS,EMP00206,2024-01,23,16,7,9,5,0,0.8,128.8,69.6,1,0,Finance,Day,EMP00014
ATTRC9DYSMH,EMP00342,2023-11,23,22,1,0,4,0,5.7,181.7,95.7,0,1,Sales,Day,EMP00028
ATTGGM5DSLI,EMP00135,2024-11,20,19,1,3,2,0,8.6,160.6,95.0,0,0,Marketing,Day,EMP00025
ATTPRVPN5BW,EMP00414,2024-12,21,19,2,9,3,0,2.6,154.6,90.5,0,0,Product,Day,EMP00025
ATT3FVNTTDV,EMP00310,2025-04,23,22,1,1,1,3,19.8,195.8,95.7,0,1,Engineering,Day,EMP00045
ATT3WE6NFGI,,2024-06,20,17,3,8,3,0,11.8,147.8,85.0,3,2,Operations,Day,EMP00030
ATTXVS971AO,EMP00481,2024-03,20,19,-1,0,1,0,16.3,168.3,95.0,0,1,Legal,Flexible,EMP00017
ATTJ23S6WQ8,EMP00576,2025-05,22,22,0,3,3,3,16.2,192.2,100.0,0,1,Marketing,Night,EMP00038
ATTX5UOZQ0D,EMP00145,2025-01,22,25,0,1,2,2,11.1,187.1,100.0,0,0,Finance,Day,EMP00035
ATTVC04DTMH,EMP00698,2024-05,23,15,8,1,0,3,2.7,122.7,65.2,3,1,Marketing,Day,EMP00050
ATT5NG66PA2,EMP00698,2023-11,22,20,2,10,2,1,5.2,165.2,150.0,2,1,Product,Day,EMP00049
ATTRWLIP81X,EMP00366,2023-04,23,18,5,4,0,0,17.0,161.0,78.3,3,1,Marketing,Flexible,EMP00045
ATTRRC2PKV6,EMP00736,2025-06,23,22,1,9,5,0,14.4,190.4,95.7,0,2,Marketing,Day,EMP00019
ATT1CRVJBXY,EMP00766,2023-11,22,18,4,5,3,2,8.7,152.7,81.8,1,0,Operations,Flexible,EMP00018
ATT7ZWYW1QG,EMP00003,2025-03,21,17,4,6,1,3,7.6,143.6,81.0,0,0,Finance,Day,EMP00042
ATTX1JI1IFQ,EMP00289,2025-04,22,21,1,10,5,0,11.0,179.0,95.5,0,1,Finance,Day,EMP00001
ATTJQ58U9BP,EMP00007,2023-11,22,21,1,7,5,0,1.3,169.3,95.5,0,1,Human Resources,Flexible,EMP00007
ATTXSZUPOHV,EMP00490,2025-01,23,26,3,1,3,2,8.0,168.0,87.0,1,0,Operations,Day,EMP00003
ATTSYCNFTWR,EMP00430,2024-04,23,21,2,5,5,0,14.2,182.2,91.3,2,0,Legal,Day,EMP00002
ATTDPY20764,EMP00311,2023-12,22,21,-1,10,3,0,11.2,179.2,95.5,0,2,Finance,Flexible,EMP00014
ATTY8WOLCPD,EMP00279,2023-11,22,22,0,10,3,0,-5.0,,100.0,0,1,Operations,Night,EMP00018
ATTEYE3IBCF,EMP00793,2023-08,20,17,3,1,5,3,18.7,154.7,85.0,3,2,Human Resources,Day,EMP00050
ATT42UJYXE6,,2023-02,20,15,5,6,3,3,7.5,127.5,75.0,1,1,Engineering,Day,EMP00024
ATT5WYUH5NJ,EMP00329,2025-05,21,19,2,8,1,0,3.9,155.9,90.5,2,1,Product,Flexible,EMP00045
ATT9VNYJW7E,EMP00313,2023-12,20,17,3,8,1,0,3.4,139.4,85.0,2,2,Product,Day,EMP00017
ATTC1SA72CT,EMP00568,2025-06,22,17,5,1,3,3,17.6,153.6,77.3,1,0,Engineering,Night,EMP00018
ATTDVXMN7H0,EMP00294,2023-10,20,25,0,0,3,2,1.4,161.4,100.0,0,2,Sales,Flexible,EMP00019
ATTTKCQBJ4Z,EMP00008,2024-11,23,22,1,5,1,2,9.0,185.0,95.7,1,0,Product,Night,EMP00004
ATTNFO2VUA5,EMP00012,2024-01,22,20,2,5,0,3,8.8,168.8,90.9,1,2,Operations,Day,EMP00038
ATTQ48F5BA0,EMP00788,2023-05,20,15,5,4,4,1,6.7,126.7,75.0,1,0,Product,Day,EMP00004
ATT4IZ5YF9G,EMP00536,2023-03,0,17,5,4,4,1,13.1,149.1,77.3,3,0,Sales,Day,EMP00029
ATTBKWXN489,EMP00412,2023-02,21,18,3,8,0,3,18.2,162.2,85.7,2,1,Marketing,Night,EMP00021
ATT9FV0RCBN,EMP00276,2024-03,20,17,-1,9,5,3,11.7,147.7,85.0,1,1,Product,Night,EMP00046
ATTGVA6S9CA,EMP00278,2024-06,20,19,1,4,5,3,10.2,162.2,95.0,0,2,Finance,Night,EMP00031
ATTKVI82Q8V,EMP00381,2023-01,22,18,4,2,4,0,10.6,154.6,81.8,2,0,Human Resources,Day,EMP00013
ATTF0VLU8LQ,EMP00585,2023-06,22,27,3,10,5,0,16.4,168.4,86.4,1,2,Human Resources,Day,EMP00001
ATTYZKM242W,EMP00148,2023-12,23,16,7,8,4,2,2.1,130.1,69.6,1,2,Product,Day,EMP00031
ATTK39V2298,EMP00195,2024-12,22,16,6,9,3,2,3.0,131.0,72.7,4,1,Finance,Day,EMP00029
ATT45IWXPTE,EMP00357,2024-12,21,20,1,8,4,2,5.7,165.7,150.0,0,1,Sales,Flexible,EMP00010
ATTQNMU1VBR,,2024-07,20,16,4,0,4,0,17.8,145.8,80.0,1,1,Operations,Day,EMP00039
ATTC98NOV6I,EMP00096,2023-06,22,22,0,10,4,2,11.3,187.3,100.0,0,2,Legal,Day,EMP00008
ATTXFG1VGEW,EMP00403,2025-05,20,19,1,4,0,2,9.6,161.6,95.0,1,0,Human Resources,Day,EMP00027
ATT6HF54O17,EMP00540,2024-03,21,15,6,8,26,1,-5.0,128.4,71.4,5,2,Human Resources,Day,EMP00046
ATTMS9RXPHY,EMP00364,2024-09,23,23,0,6,5,2,7.3,191.3,100.0,0,1,Operations,Day,EMP00013
ATT34N52UY1,EMP00427,2024-08,22,25,5,0,5,3,17.3,153.3,77.3,3,1,Marketing,Day,EMP00047
ATT0KY2U0GQ,EMP00637,2024-01,21,15,-1,5,0,0,3.9,123.9,71.4,0,0,Legal,Day,EMP00048
ATT8NAPGD6X,EMP00722,2025-06,21,20,1,4,1,2,2.2,162.2,95.2,1,0,Legal,Day,EMP00039
ATTBPNH1O0P,EMP00445,2023-03,21,17,4,1,2,2,2.8,138.8,81.0,1,0,Finance,Flexible,EMP00002
ATTJXJNFCMT,EMP00017,2023-10,23,17,6,3,2,0,17.4,153.4,73.9,3,2,Engineering,Day,EMP00041
ATT6RM783UB,EMP00166,2025-01,23,18,5,6,0,0,17.6,161.6,78.3,3,2,Marketing,Night,EMP00006
ATTX9NRAWX6,EMP00259,2023-08,23,18,5,3,0,3,13.8,157.8,78.3,1,1,Marketing,Day,EMP00035
ATT0CFC1QUS,EMP00123,2024-12,23,20,3,7,3,2,18.9,178.9,87.0,3,0,Operations,Day,EMP00025
ATTK6JQLIOA,EMP00379,2023-09,23,15,8,6,0,2,19.4,139.4,65.2,2,2,Operations,Day,EMP00039
ATTZQH2M3PA,EMP00046,2024-03,20,24,4,7,1,1,11.0,,80.0,3,0,Legal,Flexible,EMP00001
ATTRE8EZJ5N,EMP00114,2023-09,23,21,2,9,5,0,8.4,176.4,91.3,0,1,Product,Day,EMP00027
ATTOP7SG5RK,EMP00668,2023-02,21,16,5,6,0,3,0.5,128.5,76.2,2,0,Marketing,Day,EMP00023
ATTFOEKWTOK,,2024-08,22,17,5,9,2,1,5.8,141.8,77.3,2,2,Marketing,Day,EMP00023
ATT4Y64PZ9O,EMP00660,2023-05,23,17,6,6,5,0,5.8,141.8,73.9,4,1,Human Resources,Day,EMP00010
ATTM7J0EOSJ,EMP00232,2023-12,20,17,-1,2,2,3,8.1,144.1,85.0,0,1,Sales,Day,EMP00035
ATTJOZYWHO7,EMP00573,2024-05,21,20,1,10,3,0,0.2,160.2,95.2,0,1,Product,Day,EMP00047
ATTIFRNJ5OH,EMP00295,2023-07,23,16,7,1,4,3,8.3,136.3,69.6,0,1,Sales,Day,EMP00002
ATTXBQ7NYRS,EMP00366,2023-03,21,18,3,4,2,0,10.0,154.0,85.7,3,1,Product,Day,EMP00037
ATTMB96PNS5,EMP00475,2025-06,21,25,5,4,3,2,0.7,128.7,76.2,2,1,Marketing,Day,EMP00048
ATT1XCPFJU4,EMP00193,2025-02,23,19,4,5,0,3,8.4,160.4,82.6,4,0,Marketing,Flexible,EMP00032
ATTY0Q6ICMF,EMP00558,2023-01,23,16,7,3,5,0,-5.0,142.6,69.6,6,1,Marketing,Night,EMP00001
ATTRDEJLY9V,EMP00220,2025-03,21,20,1,8,3,3,19.8,179.8,95.2,1,0,Marketing,Day,EMP00038
ATTIVHQY3VH,EMP00541,2025-02,21,15,6,10,0,3,3.3,123.3,150.0,4,2,Sales,Flexible,EMP00018
ATTLIKQ5S1J,EMP00138,2023-12,22,20,2,5,4,0,18.9,178.9,90.9,0,0,Engineering,Flexible,EMP00022
ATTUOUO8O2O,EMP00011,2023-12,0,15,8,3,4,1,6.2,126.2,65.2,4,0,Marketing,Day,EMP00037
ATTQYJCO3AE,EMP00202,2023-02,23,22,1,7,1,3,1.4,177.4,95.7,1,0,Human Resources,Flexible,EMP00006
ATTA4Z2H8EL,EMP00419,2023-09,23,17,6,0,3,2,13.6,149.6,73.9,2,1,Finance,Day,EMP00011
ATT1RT6QBS7,EMP00789,2023-08,21,24,-1,2,4,1,5.5,149.5,85.7,0,2,Product,Flexible,EMP00038
ATTGKA3QKZE,EMP00045,2024-06,22,21,1,8,5,3,5.5,173.5,95.5,0,2,Engineering,Day,EMP00046
ATTTRY9NY2L,,2023-04,21,15,6,0,4,2,10.7,130.7,71.4,1,0,Product,Day,EMP00050
ATTMQBG869Q,EMP00563,2024-10,22,22,0,2,5,1,16.4,192.4,100.0,0,1,Legal,Day,EMP00043
ATTKYAQJUJZ,EMP00237,2023-09,22,21,1,7,3,2,0.3,168.3,95.5,1,2,Operations,Day,EMP00021
ATTIDZ1VSAN,EMP00651,2025-02,20,16,4,8,2,1,18.8,146.8,80.0,0,0,Sales,Day,EMP00004
ATTI8D06DCF,EMP00654,2023-10,21,15,6,6,4,0,10.0,130.0,71.4,4,0,Operations,Day,EMP00013
ATT6QB6I6EZ,EMP00552,2023-06,23,22,1,10,5,0,2.2,178.2,95.7,1,2,Sales,Day,EMP00033
ATTE50JOYE0,EMP00565,2024-03,23,17,6,1,0,3,4.4,140.4,73.9,6,1,Marketing,Day,EMP00013
ATT3Z7QVQBR,EMP00379,2023-07,22,25,3,3,4,0,5.9,157.9,86.4,0,1,Engineering,Day,EMP00034
ATTB4ANR7AB,EMP00226,2024-04,23,21,2,10,2,1,4.1,172.1,91.3,0,2,Operations,Night,EMP00006
ATTYD2PCROD,EMP00747,2024-05,20,19,1,6,0,0,1.7,153.7,95.0,0,1,Operations,Day,EMP00002
ATT49GUWHTP,EMP00320,2024-07,23,19,4,5,5,3,11.9,163.9,82.6,0,0,Human Resources,Day,EMP00005
ATT6TCATBDS,EMP00570,2023-03,22,21,-1,0,5,2,2.5,170.5,95.5,1,1,Engineering,Day,EMP00001
ATT0ZMAGM32,EMP00150,2025-06,21,19,2,4,4,2,13.1,165.1,90.5,2,2,Product,Flexible,EMP00048
ATTW22B2TGD,EMP00775,2025-02,21,17,4,10,26,0,-5.0,,81.0,1,1,Product,Day,EMP00049
ATTZ7N9HXJF,EMP00589,2023-03,20,17,3,1,4,2,13.6,149.6,85.0,2,0,Sales,Night,EMP00037
ATTITAPB8PE,EMP00718,2023-11,22,16,6,0,5,0,12.1,140.1,72.7,4,2,Human Resources,Night,EMP00035
ATTHOQURQPB,EMP00728,2023-09,21,23,3,7,5,3,2.9,146.9,85.7,2,2,Legal,Flexible,EMP00043
ATTG70BSQXB,,2023-05,23,17,6,3,5,3,3.2,139.2,73.9,4,2,Product,Day,EMP00011
ATTZUE0XSTY,EMP00506,2025-01,21,16,5,0,5,0,9.0,137.0,76.2,5,0,Finance,Night,EMP00003
ATTQB5W77F8,EMP00294,2025-06,22,16,6,9,2,3,1.5,129.5,72.7,6,2,Sales,Flexible,EMP00015
ATTD8U9IOU3,EMP00526,2023-07,23,19,4,6,3,0,9.5,161.5,82.6,0,2,Engineering,Day,EMP00020
ATTKCMUZZ7X,EMP00038,2023-11,23,16,7,1,1,1,9.8,137.8,150.0,3,2,Sales,Night,EMP00004
ATTWF4HLABL,EMP00546,2024-01,22,18,4,2,4,3,17.4,161.4,81.8,3,0,Sales,Flexible,EMP00016
ATTZNVY54SQ,EMP00271,2023-10,20,20,0,4,2,2,19.9,179.9,100.0,0,2,Human Resources,Night,EMP00037
ATTT0I3COE9,EMP00310,2023-09,21,21,-1,6,1,1,5.6,173.6,100.0,0,0,Product,Day,EMP00011
ATTPDR9ED58,EMP00673,2024-09,23,27,8,3,1,2,3.1,123.1,65.2,1,2,Legal,Flexible,EMP00039
ATTU02HFEWB,EMP00233,2025-02,23,23,0,8,1,0,2.9,186.9,100.0,0,2,Operations,Day,EMP00034
ATT0E53XM22,EMP00757,2023-02,22,15,7,0,3,1,8.7,128.7,68.2,2,1,Sales,Day,EMP00010
ATT9BMK8VM1,EMP00734,2024-11,22,17,5,7,2,3,6.5,142.5,77.3,2,0,Product,Night,EMP00026
ATT1FQ25KWI,EMP00668,2023-03,22,18,4,8,4,2,2.0,146.0,81.8,3,0,Marketing,Day,EMP00007
ATTYASXN7JK,EMP00548,2024-08,20,20,0,8,5,1,6.3,166.3,100.0,0,1,Sales,Day,EMP00026
ATT6WGOVJ8R,EMP00306,2024-01,20,15,5,7,0,1,8.1,128.1,75.0,5,1,Sales,Flexible,EMP00047
ATTQ9L4EWK3,EMP00459,2023-03,23,20,3,8,1,0,19.4,179.4,87.0,0,2,Marketing,Night,EMP00006
ATTI34TC4HJ,EMP00720,2025-04,0,20,0,6,3,3,10.5,170.5,100.0,0,1,Operations,Day,EMP00029
ATTTVFVBQXG,,2024-03,23,27,1,1,1,3,3.4,179.4,95.7,0,0,Legal,Day,EMP00003
ATTE6PDNRYE,EMP00480,2024-04,21,19,2,9,0,3,-5.0,158.5,90.5,2,2,Finance,Night,EMP00050
ATT1MMG165I,EMP00548,2024-05,21,15,6,2,4,1,6.0,126.0,71.4,6,2,Human Resources,Day,EMP00005
ATTF07WCWH8,EMP00275,2024-12,22,20,-1,9,5,3,10.6,170.6,90.9,2,0,Product,Night,EMP00011
ATTRRU2Y5TI,EMP00028,2023-05,21,17,4,1,2,1,11.5,147.5,81.0,3,0,Engineering,Day,EMP00033
ATTTCUYXIZ7,EMP00590,2024-09,21,16,5,5,4,3,6.0,134.0,76.2,4,2,Product,Flexible,EMP00047
ATTDZKEA2NB,EMP00704,2023-03,21,17,4,6,2,2,4.9,140.9,81.0,4,2,Sales,Day,EMP00049
ATT2CE3XIA3,EMP00595,2023-09,20,16,4,1,0,2,10.8,138.8,80.0,0,0,Sales,Day,EMP00028
ATT9UAHV78Q,EMP00579,2024-05,21,20,1,10,5,1,19.2,179.2,95.2,0,1,Operations,Day,EMP00001
ATTZ57DNZV8,EMP00006,2024-03,22,27,2,8,3,0,2.0,162.0,90.9,1,2,Legal,Night,EMP00028
ATTDFH44KS0,EMP00721,2023-01,20,19,1,10,2,2,15.3,167.3,95.0,1,2,Marketing,Day,EMP00040
ATTDPGU8ITJ,EMP00504,2025-06,21,18,3,0,0,1,11.4,155.4,85.7,2,2,Sales,Day,EMP00026
ATTIDV8FMIF,EMP00634,2023-10,23,21,2,2,0,1,12.0,,91.3,2,1,Human Resources,Day,EMP00014
ATTW7925RUF,EMP00613,2023-02,22,16,6,3,5,3,11.5,139.5,72.7,0,1,Engineering,Day,EMP00006
ATT166C4KRF,EMP00119,2024-12,21,18,3,7,4,3,5.4,149.4,85.7,1,1,Finance,Day,EMP00021
ATTKWJLQZS9,EMP00715,2023-10,22,21,1,6,0,3,0.3,168.3,150.0,1,2,Legal,Day,EMP00042
ATTLO5GPYSO,EMP00447,2024-09,22,17,-1,9,0,2,8.4,144.4,77.3,2,0,Human Resources,Day,EMP00050
ATTR965WTRU,,2025-04,20,16,4,3,1,3,12.3,140.3,80.0,1,0,Operations,Day,EMP00012
ATT6RDW9MXX,EMP00589,2023-06,21,24,0,7,0,3,7.5,175.5,100.0,0,1,Operations,Night,EMP00042
ATT8OD64IXV,EMP00173,2023-06,23,19,4,9,3,0,4.4,156.4,82.6,0,1,Product,Day,EMP00020
ATTG1AEZ8TY,EMP00685,2024-08,22,17,5,7,1,3,3.9,139.9,77.3,5,2,Marketing,Flexible,EMP00024
ATT6T5ADQA9,EMP00463,2023-12,20,17,3,4,0,3,15.2,151.2,85.0,3,0,Sales,Flexible,EMP00018
ATTCEDKESOA,EMP00251,2024-07,22,19,3,5,0,2,14.6,166.6,86.4,1,0,Finance,Flexible,EMP00038
ATTD1D5U4P6,EMP00775,2023-04,23,22,1,0,28,1,-5.0,182.9,95.7,1,0,Operations,Day,EMP00040
ATTPOD2YRYP,EMP00673,2024-05,20,15,5,0,4,0,3.1,123.1,75.0,3,1,Human Resources,Night,EMP00027
ATT89UVHHKE,EMP00418,2025-06,21,15,6,3,4,2,19.4,139.4,71.4,1,1,Marketing,Night,EMP00018
ATT0GNWF6ZL,EMP00034,2024-08,23,22,1,3,3,1,4.2,180.2,95.7,0,1,Finance,Flexible,EMP00041
ATT3ORI43D4,EMP00788,2024-08,21,23,1,8,2,2,12.6,172.6,95.2,1,2,Finance,Flexible,EMP00025
ATT3AVSSXTW,EMP00251,2024-09,21,17,4,3,5,2,15.6,151.6,81.0,4,0,Finance,Night,EMP00044
ATTRD39QKB0,EMP00580,2024-11,23,22,-1,10,5,0,7.2,183.2,95.7,0,1,Finance,Day,EMP00039
ATTTSWYEYF4,EMP00319,2024-02,22,19,3,3,4,0,11.3,163.3,86.4,2,1,Sales,Flexible,EMP00033
ATTDEA1EL5R,EMP00121,2024-07,22,17,5,9,0,3,6.4,142.4,77.3,2,0,Product,Day,EMP00027
ATTF3Y7F2W3,EMP00206,2024-07,21,17,4,1,1,0,0.8,136.8,81.0,1,2,Finance,Day,EMP00045
ATTOT09ECZ2,EMP00334,2024-08,21,19,2,2,0,2,17.4,169.4,90.5,2,2,Sales,Day,EMP00032
ATTSBYFVAMO,,2023-12,23,15,8,1,3,1,2.2,122.2,65.2,6,0,Sales,Flexible,EMP00014
ATT9VYGV2J3,EMP00612,2024-04,23,23,0,6,3,1,18.3,202.3,100.0,0,1,Operations,Day,EMP00049
ATTD8WZI269,EMP00652,2024-08,21,24,1,5,1,2,8.9,168.9,95.2,1,1,Operations,Night,EMP00033
ATTRIZEB7DV,EMP00689,2023-02,0,20,2,1,3,3,14.4,174.4,90.9,1,0,Engineering,Day,EMP00043
ATT91JSGVK2,EMP00689,2024-04,21,21,0,7,0,0,9.5,177.5,100.0,0,0,Sales,Night,EMP00003
ATTUYN69QOA,EMP00362,2023-02,22,19,3,7,0,3,18.5,170.5,86.4,0,0,Marketing,Day,EMP00016
ATTWMTL8E8B,EMP00552,2024-12,22,18,4,10,2,3,14.4,158.4,81.8,0,2,Sales,Day,EMP00020
ATT3KXZWVXD,EMP00548,2025-01,23,21,2,0,1,0,15.7,183.7,91.3,0,0,Finance,Flexible,EMP00040
ATT75C7M3EM,EMP00756,2023-09,23,18,-1,3,4,3,7.1,151.1,78.3,1,0,Marketing,Day,EMP00016
ATTWQCO1MHC,EMP00283,2023-09,22,16,6,3,0,2,19.7,147.7,150.0,5,0,Sales,Flexible,EMP00018
ATTLO4N8CZ2,EMP00579,2025-05,21,19,2,2,0,2,10.3,162.3,90.5,0,0,Marketing,Night,EMP00014
ATT7TCS7FS7,EMP00243,2024-09,23,28,1,6,1,1,-5.0,,95.7,0,2,Operations,Flexible,EMP00034
ATTOYGEC65K,EMP00364,2023-04,23,20,3,0,4,2,0.8,160.8,87.0,2,0,Marketing,Flexible,EMP00041
ATTN0D1ZX19,EMP00342,2025-06,23,20,3,1,2,0,7.0,167.0,87.0,0,1,Engineering,Day,EMP00008
ATTV1LYZZLF,EMP00372,2023-08,21,17,4,1,1,3,6.2,142.2,81.0,2,2,Legal,Day,EMP00008
ATT6QSI4TUO,EMP00555,2023-07,20,20,0,6,0,1,11.8,171.8,100.0,0,0,Finance,Day,EMP00016
ATTU4YGRU09,EMP00436,2024-05,22,15,7,3,2,2,1.7,121.7,68.2,7,1,Sales,Night,EMP00007
ATTTRD83R6D,,2025-01,21,20,1,4,3,0,9.9,169.9,95.2,1,0,Product,Day,EMP00008
ATT3IH0KA9M,EMP00168,2025-05,21,19,2,10,4,3,12.8,164.8,90.5,1,2,Operations,Night,EMP00032
ATT07I9RIVH,EMP00130,2023-09,22,20,2,8,5,0,2.6,162.6,90.9,2,2,Operations,Night,EMP00015
ATTWMN81C0G,EMP00702,2023-03,21,23,0,4,2,2,19.3,187.3,100.0,0,1,Operations,Day,EMP00013
ATTBYAO9HZA,EMP00448,2023-10,20,19,-1,4,3,2,2.4,154.4,95.0,1,0,Engineering,Day,EMP00050
ATTW70DS4S3,EMP00607,2024-02,21,20,1,4,0,0,19.0,179.0,95.2,0,2,Marketing,Day,EMP00027
ATT6UUAPULM,EMP00790,2023-03,23,16,7,9,5,0,9.8,137.8,69.6,2,1,Product,Day,EMP00048
ATTAOORDPNU,EMP00609,2023-10,23,18,5,9,1,2,17.3,161.3,78.3,3,2,Marketing,Day,EMP00040
ATTF4AK474I,EMP00324,2023-03,23,15,8,6,1,1,15.1,135.1,65.2,1,1,Product,Flexible,EMP00039
ATTL9COI2X2,EMP00691,2023-01,22,21,1,7,1,1,15.3,183.3,95.5,0,0,Engineering,Night,EMP00039
ATTSV45VHBH,EMP00278,2023-12,20,16,4,9,5,2,5.5,133.5,80.0,3,1,Marketing,Day,EMP00037
ATTFQ8XX2V2,EMP00060,2025-02,23,21,2,8,3,3,3.9,171.9,91.3,2,0,Human Resources,Day,EMP00016
ATTV0PHRKKC,EMP00124,2023-09,20,24,1,10,4,2,19.6,171.6,95.0,1,0,Product,Flexible,EMP00026
ATT9UJDKSLR,EMP00494,2025-05,22,17,5,8,1,1,18.1,154.1,77.3,0,0,Product,Day,EMP00044
ATTE0N8O7LE,EMP00764,2025-06,23,20,3,10,5,3,15.3,175.3,87.0,0,1,Engineering,Day,EMP00037
ATTFZ5TBWXW,EMP00786,2024-09,20,16,4,4,2,1,16.1,144.1,80.0,4,2,Product,Flexible,EMP00024
ATTZ9OJJH6W,EMP00531,2023-01,22,16,6,1,27,3,-5.0,134.9,72.7,6,2,Human Resources,Day,EMP00029
ATTHBJL7CN8,,2024-01,21,20,-1,5,3,3,0.9,160.9,95.2,1,1,Engineering,Day,EMP00044
ATTFKYK2OPU,EMP00182,2024-05,20,20,0,0,4,0,1.5,161.5,100.0,0,2,Marketing,Day,EMP00050
ATT605RQADI,EMP00105,2024-04,23,19,4,8,1,2,15.0,167.0,82.6,1,1,Legal,Day,EMP00038
ATTQRVEMROK,EMP00144,2023-05,21,16,5,2,0,0,12.1,140.1,150.0,5,0,Sales,Day,EMP00030
ATTQLM69GZL,EMP00546,2025-02,20,22,4,8,5,3,2.6,130.6,80.0,2,1,Human Resources,Day,EMP00045
ATT5T0H7FZ7,EMP00069,2025-06,23,20,3,10,3,1,10.0,170.0,87.0,0,2,Operations,Day,EMP00024
ATTU9FQUECE,EMP00370,2024-10,20,19,1,2,0,1,1.5,153.5,95.0,1,0,Sales,Flexible,EMP00031
ATT0SHKZK67,EMP00716,2024-06,0,16,4,2,5,0,0.7,128.7,80.0,2,0,Engineering,Flexible,EMP00012
ATTQ1IY75Z5,EMP00431,2025-05,23,20,3,8,1,3,15.1,175.1,87.0,2,2,Product,Day,EMP00021
ATTI98BXZN1,EMP00588,2024-02,22,19,3,1,1,1,1.4,153.4,86.4,0,1,Operations,Day,EMP00016
ATT91HQB5ST,EMP00572,2025-06,22,21,1,6,0,3,8.6,,95.5,0,1,Legal,Night,EMP00038
ATT7LVXTSR4,EMP00702,2024-11,23,18,5,3,4,1,1.8,145.8,78.3,0,2,Finance,Flexible,EMP00035
ATTEN67VI8Z,EMP00410,2024-08,21,21,0,8,3,0,5.1,173.1,100.0,0,0,Marketing,Day,EMP00042
ATTB3I5Q46U,EMP00315,2023-04,23,27,-1,4,2,2,19.6,155.6,73.9,6,1,Engineering,Flexible,EMP00015
ATTOI5L2SI2,EMP00438,2024-11,23,18,5,4,2,0,9.0,153.0,78.3,0,0,Sales,Day,EMP00036
ATTVYIV2QRM,EMP00244,2024-09,23,15,8,9,0,3,1.0,121.0,65.2,8,1,Marketing,Day,EMP00048
ATTCSLGSH7U,EMP00789,2024-03,22,15,7,5,2,0,12.1,132.1,68.2,7,2,Human Resources,Night,EMP00008
ATTG8GIY4JS,,2024-05,20,20,0,10,4,3,18.3,178.3,100.0,0,0,Finance,Day,EMP00019
ATT0JL2N5CT,EMP00169,2025-03,21,18,3,1,4,1,3.4,147.4,85.7,0,2,Human Resources,Night,EMP00017
ATTBCHTLF50,EMP00653,2023-08,21,16,5,3,3,2,15.0,143.0,76.2,2,0,Finance,Night,EMP00037
ATT9CU97LO6,EMP00460,2023-04,23,17,6,7,3,2,6.0,142.0,73.9,1,2,Finance,Day,EMP00029
ATTVZQIJY4J,EMP00342,2023-08,23,19,4,6,4,2,-5.0,163.4,82.6,3,0,Finance,Day,EMP00042
ATTUDU4XVYL,EMP00191,2023-01,21,23,5,1,5,1,1.9,129.9,76.2,4,1,Marketing,Day,EMP00018
ATTH61WGT7I,EMP00162,2025-04,23,19,4,10,1,3,9.9,161.9,82.6,3,1,Operations,Night,EMP00045
ATTS6SYEVES,EMP00280,2024-02,21,17,4,2,2,1,13.3,149.3,81.0,2,0,Product,Day,EMP00042
ATTRSNNLCBU,EMP00767,2024-03,20,18,2,5,5,1,4.0,148.0,90.0,2,1,Engineering,Day,EMP00041
ATT3W6MC134,EMP00213,2024-10,22,15,-1,0,2,0,0.3,120.3,68.2,1,1,Operations,Flexible,EMP00037
ATTF0GQ78KV,EMP00143,2023-06,23,16,7,8,4,1,5.6,133.6,69.6,6,0,Operations,Day,EMP00025
ATTPE1TLRH1,EMP00646,2023-05,20,17,3,7,1,0,19.7,155.7,85.0,0,1,Human Resources,Day,EMP00040
ATTW0DZQWOF,EMP00498,2025-05,23,20,3,10,5,1,11.0,171.0,87.0,2,0,Human Resources,Day,EMP00016
ATTLKCFPHYR,EMP00420,2025-02,22,21,1,1,2,1,3.1,171.1,95.5,0,0,Sales,Day,EMP00002
ATTDESCKHHN,EMP00729,2024-08,20,25,5,7,5,0,14.9,134.9,150.0,4,2,Product,Day,EMP00039
ATTBH7IZ5HF,EMP00272,2024-02,22,20,2,6,0,1,15.4,175.4,90.9,0,2,Legal,Day,EMP00048
ATTJ88B6KQU,EMP00785,2024-06,22,17,5,4,4,0,12.5,148.5,77.3,0,1,Legal,Day,EMP00019
ATT5DD4S265,,2023-08,21,20,1,1,1,0,4.7,164.7,95.2,0,1,Marketing,Day,EMP00034
ATTIT3ZPFZ8,EMP00728,2024-11,22,18,4,0,0,3,4.0,148.0,81.8,0,0,Product,Flexible,EMP00013
ATTLP8FJB97,EMP00114,2025-05,21,18,3,8,1,1,7.8,151.8,85.7,1,1,Human Resources,Day,EMP00030
ATTHE60EX3I,EMP00227,2023-10,20,15,5,0,0,1,8.2,128.2,75.0,1,2,Marketing,Day,EMP00036
ATTGSU5ZB1L,EMP00661,2023-06,20,20,0,9,1,3,2.9,162.9,100.0,0,1,Finance,Day,EMP00033
ATTXDRMEQFD,EMP00314,2023-04,21,16,-1,9,2,1,3.3,131.3,76.2,4,0,Operations,Day,EMP00002
ATTW7OIL4W4,EMP00746,2025-03,22,27,4,2,2,1,17.9,161.9,81.8,0,2,Product,Day,EMP00032
ATTKYRPT7K8,EMP00779,2024-09,22,17,5,4,5,1,8.5,144.5,77.3,0,1,Finance,Night,EMP00031
ATTYDZNYRTC,EMP00772,2023-07,23,17,6,7,1,3,5.5,141.5,73.9,5,2,Marketing,Flexible,EMP00028
ATT255ZA3A5,EMP00308,2024-10,20,15,5,2,25,3,-5.0,,75.0,3,1,Engineering,Day,EMP00050
ATT5DA433KM,EMP00497,2024-05,22,20,2,5,2,1,8.8,168.8,90.9,1,1,Engineering,Day,EMP00003
ATTJCFL9G66,EMP00576,2024-08,0,16,4,1,5,3,11.2,139.2,80.0,3,2,Human Resources,Flexible,EMP00038
ATTKREEAKHZ,EMP00436,2024-12,23,15,8,0,1,1,11.8,131.8,65.2,8,0,Operations,Flexible,EMP00005
ATTHFJ94RAC,EMP00182,2024-03,20,20,0,7,3,1,4.3,164.3,100.0,0,1,Product,Flexible,EMP00033
ATTPUBDHAT8,EMP00275,2024-07,21,20,1,5,0,1,2.6,162.6,95.2,0,1,Legal,Night,EMP00017
ATT3TWL0YX7,EMP00373,2025-03,23,26,2,8,3,2,4.1,172.1,91.3,0,2,Operations,Day,EMP00006
ATTYSXEJ6TY,EMP00312,2023-11,20,15,5,9,4,0,12.6,132.6,75.0,2,0,Operations,Day,EMP00040
ATTKGJEAZ3P,,2024-09,21,19,2,6,3,2,14.2,166.2,90.5,2,2,Marketing,Night,EMP00049
ATTJYPCEYHV,EMP00373,2024-04,21,17,-1,6,3,0,8.1,144.1,81.0,4,2,Legal,Night,EMP00027
ATT2HR1785I,EMP00193,2024-02,20,15,5,5,1,1,2.6,122.6,75.0,0,1,Human Resources,Flexible,EMP00043
ATTV21MKBP9,EMP00214,2024-08,21,18,3,10,1,0,1.9,145.9,85.7,2,1,Engineering,Flexible,EMP00037
ATTN9YE0HP3,EMP00344,2024-10,22,15,7,8,2,2,3.9,123.9,68.2,5,2,Engineering,Day,EMP00034
ATT8OONY9M1,EMP00341,2024-11,21,17,4,1,3,1,3.5,139.5,81.0,1,1,Legal,Day,EMP00015
ATTWLCVFZ4G,EMP00030,2025-02,20,20,0,2,5,2,2.5,162.5,100.0,0,2,Finance,Day,EMP00022
ATTWXNPMQFZ,EMP00538,2025-04,22,26,1,5,5,0,5.8,173.8,95.5,1,1,Sales,Day,EMP00041
ATTDITMKS9R,EMP00481,2025-02,20,18,2,8,4,0,1.6,145.6,150.0,2,1,Legal,Day,EMP00036
ATT5GB6U7PT,EMP00466,2024-10,22,21,1,8,4,3,9.2,177.2,95.5,1,1,Sales,Day,EMP00025
ATTLG5RB83W,EMP00049,2023-08,23,20,3,9,5,1,13.4,173.4,87.0,2,2,Marketing,Day,EMP00009
ATTCS8FDQTA,EMP00044,2023-01,20,18,2,6,2,0,10.9,154.9,90.0,1,0,Product,Night,EMP00037
ATT45340SF1,EMP00401,2025-02,23,21,2,0,5,3,6.4,174.4,91.3,1,1,Marketing,Day,EMP00047
ATTOKTEZYW6,EMP00690,2023-12,20,18,2,1,0,0,19.1,163.1,90.0,2,1,Legal,Day,EMP00006
ATT4ERFMPUL,EMP00750,2024-06,21,19,-1,5,3,2,-5.0,154.4,90.5,2,1,Marketing,Flexible,EMP00046
ATTVY1YDG8F,EMP00425,2023-03,22,17,5,1,3,0,12.8,148.8,77.3,0,0,Marketing,Night,EMP00035
ATTVFR0M5MR,EMP00625,2023-08,22,27,4,1,3,2,5.3,149.3,81.8,0,1,Marketing,Flexible,EMP00027
ATTDHC7ZEMD,,2024-12,20,17,3,0,2,2,12.4,148.4,85.0,2,2,Engineering,Day,EMP00001
ATT7557P6HU,EMP00271,2023-11,20,15,5,3,5,3,17.4,137.4,75.0,4,2,Legal,Night,EMP00044
ATTOI2YA02F,EMP00152,2025-04,22,20,2,8,1,1,7.6,167.6,90.9,2,1,Finance,Day,EMP00048
ATTVR7348T8,EMP00573,2024-08,20,19,1,3,1,2,12.5,164.5,95.0,0,0,Sales,Night,EMP00032
ATTFQ9IKZJP,EMP00543,2025-04,20,17,3,0,5,2,4.2,140.2,85.0,0,0,Product,Day,EMP00026
ATTR2UDZ9X3,EMP00555,2024-10,23,15,8,3,2,3,12.3,132.3,65.2,0,0,Product,Flexible,EMP00014
ATTEZ6ICEW4,EMP00638,2024-06,22,15,7,3,0,0,17.1,137.1,68.2,1,0,Operations,Flexible,EMP00003
ATTD4651WKP,EMP00006,2023-05,23,17,6,9,0,1,11.9,147.9,73.9,0,0,Product,Day,EMP00040
ATTRE0A8MTQ,EMP00260,2025-02,20,22,2,0,0,2,14.2,,90.0,0,2,Product,Day,EMP00017
ATT7Y2S3Z8U,EMP00110,2023-07,22,18,4,5,5,3,17.9,161.9,81.8,0,1,Legal,Flexible,EMP00003
ATT1W3BH6XY,EMP00493,2024-01,20,19,-1,0,5,3,12.5,164.5,95.0,0,2,Marketing,Day,EMP00006
ATTQPGXFHFT,EMP00009,2025-04,21,19,2,7,0,1,4.3,156.3,90.5,1,2,Sales,Night,EMP00001
ATTXDQMB0O4,EMP00378,2025-01,21,19,2,6,4,0,0.0,152.0,90.5,2,2,Human Resources,Day,EMP00018
ATTYF2IJ0KC,EMP00046,2024-02,23,17,6,3,5,0,2.1,138.1,73.9,4,2,Product,Flexible,EMP00035
ATT9ZA15PVX,EMP00587,2024-02,20,18,2,6,2,1,18.0,162.0,90.0,1,0,Sales,Day,EMP00037
ATTHW9L93HW,EMP00443,2023-09,0,15,7,9,5,2,10.1,130.1,68.2,2,2,Sales,Flexible,EMP00019
ATT3HQ3EN1Y,EMP00155,2024-10,21,20,1,8,3,1,12.4,172.4,95.2,0,0,Sales,Night,EMP00025
ATTMSHT9OZC,,2023-03,21,26,3,6,0,0,13.2,157.2,85.7,0,1,Sales,Flexible,EMP00041
ATTGK99IEQU,EMP00725,2023-04,22,22,0,3,5,0,19.0,195.0,100.0,0,0,Engineering,Day,EMP00010
ATTTSYXIEUB,EMP00691,2025-06,21,16,5,10,26,1,-5.0,129.4,150.0,0,0,Engineering,Day,EMP00013
ATTGPOUBJGM,EMP00522,2023-11,20,18,2,8,0,3,13.7,157.7,90.0,2,1,Product,Day,EMP00038
ATT18JFK35H,EMP00244,2024-12,22,15,7,6,3,3,0.1,120.1,68.2,0,1,Finance,Day,EMP00047
ATTANSGLP9T,EMP00642,2023-03,20,19,1,10,1,3,2.4,154.4,95.0,1,0,Sales,Day,EMP00043
ATTR33QAAD9,EMP00755,2024-01,21,17,-1,2,5,1,20.0,156.0,81.0,4,0,Sales,Flexible,EMP00009
ATTV85W31NQ,EMP00741,2024-10,23,23,0,7,2,3,9.2,193.2,100.0,0,0,Engineering,Day,EMP00021
ATTJ4RK8013,EMP00063,2023-08,21,19,2,10,4,3,15.4,167.4,90.5,1,1,Engineering,Day,EMP00025
ATTBK3AMQYC,EMP00628,2023-05,20,23,0,2,3,3,19.6,179.6,100.0,0,0,Engineering,Day,EMP00045
ATTZ33HSR5E,EMP00261,2024-04,21,19,2,9,3,2,11.7,163.7,90.5,0,2,Engineering,Night,EMP00024
ATT5QDCAM7X,EMP00348,2024-12,20,19,1,4,0,1,14.7,166.7,95.0,1,0,Product,Day,EMP00029
ATT1291H3SZ,EMP00626,2024-09,20,16,4,6,1,1,7.2,135.2,80.0,1,2,Operations,Day,EMP00017
ATTMLCHECI4,EMP00667,2025-04,20,19,1,5,0,2,14.3,166.3,95.0,0,0,Marketing,Night,EMP00018
ATTNKKJ7DZ7,EMP00651,2023-04,20,19,1,4,3,0,2.9,154.9,95.0,1,1,Human Resources,Day,EMP00023
ATTH40BG19H,EMP00153,2024-11,20,20,0,4,3,1,18.5,178.5,100.0,0,1,Operations,Day,EMP00043
ATTB9DMR3UE,EMP00428,2024-12,20,19,1,1,0,0,12.7,164.7,95.0,1,0,Sales,Day,EMP00022
ATT5MUH3DAJ,,2023-10,20,20,0,7,5,0,15.7,175.7,100.0,0,0,Human Resources,Day,EMP00003
ATT563UW7TC,EMP00074,2023-01,22,27,6,1,4,0,12.9,140.9,72.7,6,1,Operations,Day,EMP00038
ATTC1FTVNUW,EMP00196,2023-10,20,19,-1,8,3,3,19.7,171.7,95.0,1,1,Product,Night,EMP00030
ATTJK7WCM7R,EMP00437,2024-03,21,18,3,2,2,2,18.4,162.4,85.7,1,0,Sales,Night,EMP00005
ATT5LVPF0O9,EMP00220,2024-11,21,18,3,7,4,1,0.0,144.0,85.7,1,1,Legal,Flexible,EMP00050
ATTR3TEYZNY,EMP00412,2023-06,22,18,4,1,2,2,15.5,159.5,81.8,1,2,Finance,Day,EMP00037
ATTYL0LIT63,EMP00483,2024-11,20,18,2,9,1,2,17.9,161.9,90.0,1,2,Marketing,Night,EMP00014
ATTVOSGO4JM,EMP00277,2023-09,22,17,5,9,4,1,-5.0,,77.3,4,0,Product,Day,EMP00002
ATT3FN5J6JW,EMP00601,2023-01,23,20,3,4,1,1,2.8,162.8,87.0,2,1,Legal,Day,EMP00037
ATT58Y2Z4X6,EMP00309,2025-03,23,19,4,5,3,2,3.0,155.0,82.6,3,0,Human Resources,Day,EMP00001
ATTVX7MWNT9,EMP00474,2023-10,21,23,2,4,5,2,5.3,157.3,90.5,2,1,Finance,Flexible,EMP00035
ATT7UYHOQS3,EMP00541,2023-05,21,21,0,4,3,2,1.9,169.9,100.0,0,0,Operations,Night,EMP00004
ATTPOKSB76K,EMP00057,2023-10,22,17,5,6,0,2,6.3,142.3,77.3,4,1,Marketing,Night,EMP00014
ATT85IBWZEL,EMP00336,2023-04,23,22,1,2,5,0,5.0,181.0,150.0,1,0,Sales,Day,EMP00001
ATTAUDBD9JM,EMP00696,2024-01,23,16,7,1,4,1,12.5,140.5,69.6,0,0,Finance,Day,EMP00049
ATT6GTTKYY2,EMP00759,2023-08,20,15,-1,2,0,0,5.0,125.0,75.0,2,0,Product,Flexible,EMP00048
ATTYAIUQYXQ,EMP00675,2023-04,20,19,1,4,4,1,13.6,165.6,95.0,0,0,Product,Day,EMP00016
ATTUN2OVFMW,,2024-03,20,20,0,6,0,2,4.9,164.9,100.0,0,0,Engineering,Day,EMP00014
ATTBQDGKW6T,EMP00495,2023-04,21,16,5,7,3,0,14.0,142.0,76.2,5,0,Marketing,Day,EMP00006
ATT7X8XGQTW,EMP00690,2024-12,0,27,6,10,4,0,13.2,149.2,73.9,4,2,Legal,Day,EMP00009
ATTF002XU6N,EMP00564,2024-09,21,16,5,9,3,2,4.3,132.3,76.2,4,0,Operations,Night,EMP00040
ATTJ2A21YMG,EMP00380,2023-02,22,19,3,1,4,2,9.9,161.9,86.4,2,0,Operations,Night,EMP00017
ATT0IJ2RKLY,EMP00686,2025-02,23,20,3,8,1,0,16.6,176.6,87.0,0,1,Marketing,Day,EMP00026
ATTDYJOWU3Z,EMP00400,2023-07,22,20,2,6,4,3,13.3,173.3,90.9,2,2,Engineering,Day,EMP00050
ATTFPLIVJJH,EMP00244,2024-07,21,18,3,6,2,0,4.0,148.0,85.7,3,1,Engineering,Day,EMP00044
ATTVKGJEKFK,EMP00512,2024-12,21,15,6,8,2,0,16.0,136.0,71.4,1,1,Marketing,Night,EMP00041
ATTFNA7HGX8,EMP00416,2023-02,22,16,6,10,3,1,11.1,139.1,72.7,6,0,Product,Day,EMP00011
ATTGVNRRZXP,EMP00366,2023-10,22,21,1,0,1,0,12.7,180.7,95.5,0,2,Marketing,Day,EMP00012
ATTQXH7WBEQ,EMP00175,2025-01,22,26,-1,5,0,3,3.1,171.1,95.5,1,0,Finance,Night,EMP00039
ATTJX2GN8NN,EMP00246,2023-10,21,15,6,7,26,3,-5.0,127.0,71.4,4,2,Finance,Day,EMP00009
ATTFSGNGKVV,EMP00425,2025-01,21,17,4,0,2,3,14.5,150.5,81.0,1,1,Sales,Day,EMP00049
ATTB31F7CDI,EMP00631,2024-10,20,20,0,0,1,3,5.7,165.7,100.0,0,2,Operations,Day,EMP00035
ATTC0N33GJZ,EMP00796,2023-12,20,18,2,6,0,0,8.8,152.8,90.0,0,0,Finance,Night,EMP00012
ATTHQXD8BXR,EMP00367,2023-06,23,22,1,2,4,1,13.2,189.2,95.7,1,2,Legal,Day,EMP00017
ATTV1LYEXGF,,2024-06,23,15,8,2,2,1,2.0,122.0,65.2,6,1,Operations,Day,EMP00004
ATTRBARFH5W,EMP00129,2024-09,22,18,4,4,3,0,19.5,163.5,81.8,0,0,Finance,Night,EMP00050
ATT3WDQW7EQ,EMP00484,2024-08,23,19,4,8,4,0,2.1,154.1,82.6,2,2,Engineering,Day,EMP00023
ATT28Q35SL4,EMP00014,2024-11,22,27,7,1,4,2,10.5,130.5,68.2,2,2,Marketing,Day,EMP00005
ATT66BJA6JL,EMP00438,2023-12,23,17,6,2,4,3,11.8,147.8,73.9,3,1,Sales,Flexible,EMP00006
ATT7HDK7H8O,EMP00378,2023-10,22,19,3,0,0,2,4.5,156.5,86.4,1,2,Operations,Flexible,EMP00029
ATTS8J0LDLU,EMP00141,2024-12,21,17,4,7,2,3,16.4,,81.0,0,2,Finance,Flexible,EMP00032
ATTLKESWXDO,EMP00033,2024-09,20,19,-1,4,3,0,6.8,158.8,150.0,0,2,Operations,Night,EMP00034
ATT7SEG0VCN,EMP00312,2023-06,21,16,5,5,1,3,1.2,129.2,76.2,2,1,Finance,Day,EMP00015
ATTMMT4JVN4,EMP00467,2023-04,22,22,0,0,3,2,2.0,178.0,100.0,0,1,Human Resources,Day,EMP00008
ATTDS4LDIPD,EMP00766,2024-10,21,15,6,5,0,2,11.2,131.2,71.4,3,1,Marketing,Day,EMP00027
ATTS4R3ET1D,EMP00590,2024-11,20,18,2,1,4,2,3.5,147.5,90.0,2,2,Legal,Day,EMP00041
ATTYXCC049Y,EMP00160,2023-08,21,26,3,1,5,0,1.4,145.4,85.7,3,1,Product,Day,EMP00003
ATT6T6FEZ9R,EMP00561,2023-11,22,21,1,1,3,1,3.6,171.6,95.5,1,1,Finance,Day,EMP00037
ATT31FOQW40,EMP00441,2023-10,22,19,3,9,2,3,0.1,152.1,86.4,3,0,Human Resources,Day,EMP00027
ATT14AOB4A0,EMP00335,2023-11,22,21,1,2,2,3,6.9,174.9,95.5,0,2,Marketing,Day,EMP00020
ATTFHHP7MKX,EMP00206,2025-01,22,21,1,7,0,1,5.0,173.0,95.5,1,1,Finance,Day,EMP00044
ATT3YXJCW80,,2024-12,21,15,6,2,3,2,-5.0,132.1,71.4,6,0,Human Resources,Day,EMP00047
ATT8NAPL2HO,EMP00032,2024-02,20,20,0,1,3,0,16.0,176.0,100.0,0,0,Product,Flexible,EMP00040
ATTDVNIB3JE,EMP00113,2025-01,20,17,3,8,2,1,2.3,138.3,85.0,0,2,Marketing,Flexible,EMP00029
ATTI7DQ57PM,EMP00780,2024-11,23,22,-1,8,0,0,3.3,179.3,95.7,1,1,Sales,Day,EMP00042
ATTJ8ATKE3X,EMP00560,2023-04,21,23,5,6,0,0,16.4,144.4,76.2,5,0,Operations,Flexible,EMP00038
ATTMSQ5G1SL,EMP00361,2023-12,23,21,2,10,1,3,15.3,183.3,91.3,1,1,Operations,Day,EMP00045
ATTD1YKQUZ4,EMP00403,2023-06,0,17,5,0,1,1,9.8,145.8,77.3,5,2,Human Resources,Day,EMP00025
ATTBVT97YW9,EMP00497,2024-04,22,17,5,4,4,3,2.2,138.2,77.3,2,0,Sales,Day,EMP00031
ATTE18ENNDC,EMP00289,2023-05,22,21,1,9,0,1,11.6,179.6,95.5,0,0,Operations,Night,EMP00027
ATTXCBI7VY3,EMP00087,2023-09,22,22,0,6,0,0,0.7,176.7,100.0,0,1,Product,Day,EMP00033
ATT6648KE2P,EMP00628,2023-06,21,20,1,5,3,0,12.5,172.5,95.2,1,1,Sales,Day,EMP00009
ATTG643TMQA,EMP00240,2023-05,23,15,8,1,1,1,19.0,139.0,65.2,7,0,Engineering,Day,EMP00044
ATT6YOBPNBI,EMP00507,2025-03,21,20,1,6,4,1,18.9,178.9,95.2,1,2,Product,Day,EMP00036
ATT1JKD2CL9,EMP00527,2025-06,23,26,1,0,4,3,3.3,179.3,95.7,1,0,Legal,Night,EMP00033
ATT9NZNTJS1,EMP00625,2023-12,23,19,4,7,5,2,14.6,166.6,82.6,4,0,Legal,Night,EMP00034
ATTXH52QI0T,EMP00150,2024-09,20,16,4,0,1,3,14.5,142.5,80.0,0,0,Engineering,Day,EMP00013
ATTOBT980ZZ,EMP00101,2023-01,22,20,-1,10,3,0,17.4,177.4,90.9,1,0,Sales,Day,EMP00029
ATTM0ASUFIU,,2025-05,23,15,8,3,1,3,18.9,138.9,65.2,7,1,Operations,Night,EMP00026
ATT5J1HUW2X,EMP00358,2024-10,22,22,0,10,4,3,4.5,180.5,150.0,0,1,Human Resources,Flexible,EMP00015
ATT1TW0R6N4,EMP00280,2025-05,23,19,4,6,3,3,11.4,163.4,82.6,0,1,Product,Day,EMP00016
ATTSOG4N35W,EMP00101,2025-05,21,17,4,4,0,1,12.5,148.5,81.0,0,2,Marketing,Day,EMP00034
ATTO2OYMHHS,EMP00424,2024-12,20,17,3,2,4,2,9.3,145.3,85.0,0,2,Engineering,Day,EMP00021
ATTW3FWPOBJ,EMP00044,2023-03,22,27,3,10,27,3,-5.0,,86.4,0,0,Engineering,Night,EMP00020
ATT4E71BRXT,EMP00197,2023-08,23,21,2,9,2,0,8.5,176.5,91.3,0,2,Operations,Day,EMP00021
ATTG2AUNNKO,EMP00287,2023-07,20,20,0,2,0,3,4.6,164.6,100.0,0,0,Product,Day,EMP00001
ATTIPVCBTV4,EMP00057,2023-09,22,21,1,9,1,0,4.8,172.8,95.5,0,2,Human Resources,Day,EMP00001
ATT5Z56A0GY,EMP00105,2025-03,23,23,0,3,1,3,19.8,203.8,100.0,0,0,Legal,Day,EMP00024
ATTRENWUFEA,EMP00637,2023-01,23,19,4,2,2,1,14.6,166.6,82.6,0,1,Engineering,Night,EMP00043
ATT25DAIOPA,EMP00795,2023-03,22,20,2,5,5,3,18.8,178.8,90.9,1,2,Sales,Day,EMP00029
ATTL8PTZ0HY,EMP00368,2024-05,22,17,-1,0,2,3,1.4,137.4,77.3,2,1,Product,Day,EMP00001
ATTBPFES8OM,EMP00381,2024-04,22,18,4,10,3,0,5.6,149.6,81.8,1,2,Finance,Day,EMP00041
ATT2CWXESS7,EMP00317,2024-05,22,24,5,0,1,0,8.7,144.7,77.3,5,2,Finance,Day,EMP00043
ATTQDZLUL24,EMP00609,2024-07,20,15,5,5,1,2,4.5,124.5,75.0,2,1,Finance,Day,EMP00049
ATTR2LHQYCZ,EMP00133,2025-05,21,20,1,6,3,1,16.0,176.0,95.2,0,2,Legal,Day,EMP00039
ATT0TEF7WXP,,2023-07,23,18,5,2,1,0,9.8,153.8,78.3,4,1,Operations,Day,EMP00023
ATTCW3NDXIR,EMP00006,2023-12,21,20,1,1,1,1,2.2,162.2,95.2,0,2,Human Resources,Flexible,EMP00026
ATTCD0XRPEL,EMP00729,2023-02,20,15,5,2,5,3,1.7,121.7,75.0,2,0,Sales,Flexible,EMP00013
ATT0MOUPXSO,EMP00559,2023-12,23,15,8,9,1,3,15.8,135.8,65.2,8,2,Engineering,Day,EMP00022
ATT5X078TPB,EMP00043,2023-03,23,15,8,10,2,0,9.3,129.3,65.2,2,2,Human Resources,Day,EMP00033
ATTM85PGT24,EMP00084,2023-04,23,22,1,4,4,3,6.1,182.1,95.7,0,0,Legal,Day,EMP00022
ATTISHZERNK,EMP00221,2025-05,20,24,3,10,0,2,2.0,138.0,85.0,0,0,Operations,Day,EMP00026
ATTHY3S3X9D,EMP00310,2025-05,22,22,0,9,0,1,12.8,188.8,100.0,0,2,Operations,Flexible,EMP00003
ATTPEMR6213,EMP00054,2025-03,21,15,-1,0,2,1,12.7,132.7,71.4,4,0,Human Resources,Flexible,EMP00027
ATTA6YCJ9O6,EMP00611,2025-02,23,15,8,5,1,2,9.0,129.0,65.2,4,0,Marketing,Day,EMP00035
ATTFUE77MT8,EMP00208,2025-03,0,20,2,10,0,2,-5.0,171.3,90.9,2,2,Human Resources,Flexible,EMP00019
ATTUR8KE3J2,EMP00085,2023-09,21,17,4,3,0,2,14.5,150.5,81.0,0,2,Marketing,Night,EMP00011
ATT6C3T844Q,EMP00220,2023-11,23,15,8,6,1,3,5.1,125.1,150.0,1,2,Marketing,Flexible,EMP00008
ATTAGLWWAAN,EMP00648,2025-03,20,16,4,6,5,1,8.4,136.4,80.0,0,1,Engineering,Day,EMP00017
ATTHBBP5BPK,EMP00152,2023-09,22,22,0,7,2,0,9.2,185.2,100.0,0,2,Legal,Day,EMP00033
ATTADUVW8GC,EMP00160,2025-05,23,28,6,9,4,0,6.7,142.7,73.9,4,2,Product,Day,EMP00024
ATT6508HRH2,EMP00529,2023-02,23,23,0,4,5,2,13.7,197.7,100.0,0,1,Sales,Flexible,EMP00023
ATTFKKPBETN,,2024-03,20,18,2,3,4,1,11.3,155.3,90.0,0,0,Operations,Day,EMP00028
ATTDKAC83W3,EMP00148,2024-07,21,19,2,8,2,0,3.1,155.1,90.5,0,0,Finance,Night,EMP00049
ATTGV3TWCM9,EMP00071,2024-11,23,19,4,2,0,3,14.0,166.0,82.6,4,0,Human Resources,Day,EMP00017
ATT4XE300BJ,EMP00333,2023-03,20,15,5,0,1,2,8.3,128.3,75.0,2,1,Sales,Flexible,EMP00026
ATT77J87UHC,EMP00172,2025-04,20,15,-1,3,2,3,18.5,,75.0,1,1,Engineering,Day,EMP00025
ATTFXZEI00X,EMP00607,2023-03,22,20,2,5,1,1,1.3,161.3,90.9,0,1,Operations,Day,EMP00037
ATTHII2IYM5,EMP00763,2025-04,23,19,4,0,3,1,7.6,159.6,82.6,4,2,Sales,Day,EMP00034
ATTS9KECJMO,EMP00130,2024-03,23,27,2,8,3,0,12.7,180.7,91.3,0,0,Finance,Day,EMP00043
ATTN14KD69S,EMP00496,2023-03,21,20,1,2,5,3,13.1,173.1,95.2,1,1,Human Resources,Flexible,EMP00002
ATTB6YU0AEB,EMP00720,2024-08,21,17,4,9,0,1,2.1,138.1,81.0,3,1,Finance,Day,EMP00033
ATTO4OSNKFB,EMP00091,2023-12,23,22,1,5,4,2,5.4,181.4,95.7,0,0,Sales,Day,EMP00048
ATTIZ18X9O7,EMP00304,2023-01,21,19,2,9,2,0,15.4,167.4,90.5,0,2,Legal,Night,EMP00043
ATTSAI5UYIF,EMP00267,2024-05,22,19,3,5,3,3,1.6,153.6,86.4,3,0,Operations,Day,EMP00009
ATTPX0CUH5E,EMP00340,2023-07,22,17,5,7,1,3,6.8,142.8,77.3,2,1,Legal,Day,EMP00016
ATTFPFNRT3L,EMP00529,2025-01,20,15,5,10,5,3,0.6,120.6,75.0,0,1,Operations,Flexible,EMP00017
ATTSX8TSMOE,EMP00686,2023-01,22,15,7,1,27,3,-5.0,137.4,68.2,0,1,Marketing,Day,EMP00038
ATT1W9J5DFO,EMP00694,2025-02,23,27,2,9,0,1,1.6,169.6,91.3,1,1,Human Resources,Night,EMP00026
ATTFE0F2CA2,,2025-04,23,18,-1,10,2,2,7.1,151.1,78.3,0,1,Marketing,Day,EMP00031
ATTS3PVYCXQ,EMP00521,2024-09,20,15,5,9,2,2,4.6,124.6,75.0,4,1,Finance,Flexible,EMP00016
ATTMV6A4W9N,EMP00762,2023-02,22,17,5,8,1,3,10.3,146.3,77.3,1,2,Human Resources,Day,EMP00004
ATTJ3U32RM5,EMP00069,2025-02,21,15,6,5,0,2,7.4,127.4,71.4,1,1,Legal,Day,EMP00010
ATT6VFITLI1,EMP00567,2024-12,20,15,5,10,1,3,1.8,121.8,75.0,4,1,Engineering,Day,EMP00031
ATTS6N9R6ES,EMP00671,2025-01,21,19,2,4,0,3,17.2,169.2,90.5,1,0,Product,Night,EMP00039
ATT6F4696T8,EMP00631,2023-12,23,15,8,1,2,1,11.2,131.2,150.0,4,1,Product,Night,EMP00042
ATTJ3GTD3KI,EMP00564,2025-06,22,19,3,0,1,3,18.4,170.4,86.4,1,1,Legal,Day,EMP00039
ATTSP0HB2MP,EMP00466,2025-05,23,28,0,4,1,0,17.3,201.3,100.0,0,2,Sales,Flexible,EMP00036
ATTPXYG43FH,EMP00251,2024-11,20,18,2,6,4,2,1.5,145.5,90.0,1,0,Human Resources,Night,EMP00025
ATTZ52LOYQE,EMP00139,2023-08,23,19,4,8,2,2,13.2,165.2,82.6,4,2,Product,Day,EMP00012
ATTW2XSKN7P,EMP00680,2023-07,23,20,3,1,2,0,2.5,162.5,87.0,3,0,Marketing,Flexible,EMP00036
ATTXDEGOLZ3,EMP00748,2024-01,20,15,5,5,0,2,4.3,124.3,75.0,5,0,Marketing,Day,EMP00038
ATT2NW93M0H,EMP00148,2023-12,20,19,-1,10,2,3,11.4,163.4,95.0,0,2,Sales,Day,EMP00002
ATTDUN9HF6F,EMP00286,2025-05,0,18,2,6,4,3,2.3,146.3,90.0,2,2,Finance,Day,EMP00046
ATTZWZOU1UF,EMP00457,2023-08,20,18,2,2,3,3,0.3,144.3,90.0,2,1,Operations,Day,EMP00025
ATTZY1QZT7G,EMP00283,2024-07,22,21,1,8,3,3,0.7,168.7,95.5,1,1,Legal,Night,EMP00038
ATTRWJM03SF,,2023-08,22,24,5,5,5,2,18.6,154.6,77.3,0,2,Legal,Day,EMP00026
ATT6U4WMJ3I,EMP00401,2023-08,22,16,6,3,0,0,10.3,138.3,72.7,0,1,Operations,Flexible,EMP00013
ATTVZN6H5MX,EMP00015,2025-01,21,15,6,3,0,1,18.5,138.5,71.4,2,2,Human Resources,Night,EMP00036
ATTBSORUFXB,EMP00359,2024-09,23,16,7,8,1,1,-5.0,,69.6,1,0,Finance,Day,EMP00006
ATTH9BXKWNX,EMP00306,2025-03,21,19,2,1,5,3,2.3,154.3,90.5,1,0,Legal,Day,EMP00035
ATTZ62H9KP2,EMP00162,2024-09,22,22,0,6,0,3,0.0,176.0,100.0,0,1,Sales,Day,EMP00002
ATTENJN1AF6,EMP00458,2023-08,22,22,0,3,1,0,18.9,194.9,100.0,0,1,Finance,Night,EMP00030
ATTB26UXPL3,EMP00002,2023-03,20,16,4,5,0,3,9.2,137.2,80.0,1,0,Legal,Day,EMP00002
ATTHTJZK3AG,EMP00777,2024-07,20,18,2,3,2,1,7.2,151.2,90.0,0,1,Legal,Night,EMP00007
ATTGSG34J1Y,EMP00454,2023-12,20,25,-1,5,4,2,11.1,171.1,100.0,0,0,Legal,Day,EMP00008
ATT8VDUT64Z,EMP00790,2024-03,20,16,4,8,1,2,1.0,129.0,80.0,3,1,Sales,Day,EMP00049
ATTFWAHZ4AL,EMP00299,2023-04,20,20,0,7,3,1,5.4,165.4,100.0,0,1,Marketing,Night,EMP00036
ATTCFWMC3NG,EMP00340,2025-05,20,18,2,5,0,2,15.1,159.1,90.0,1,0,Sales,Day,EMP00040
ATTXMRLZ0NT,EMP00430,2023-12,21,16,5,0,5,3,17.1,145.1,76.2,5,2,Engineering,Night,EMP00049
ATTS6871VDA,EMP00360,2025-03,20,18,2,6,0,2,16.0,160.0,90.0,1,0,Legal,Day,EMP00013
ATTDWNLXP4U,EMP00334,2023-09,20,20,0,6,5,0,5.5,165.5,100.0,0,2,Engineering,Day,EMP00012
ATTLNWL9193,EMP00537,2023-04,21,20,1,4,4,3,1.4,161.4,95.2,1,2,Operations,Flexible,EMP00032
ATT2RHU6QE9,,2024-06,20,16,4,4,3,0,14.3,142.3,150.0,0,1,Marketing,Flexible,EMP00024
ATT5UIL7H07,EMP00736,2025-05,21,24,4,6,5,0,5.3,141.3,81.0,0,1,Marketing,Day,EMP00040
ATTL818JTF1,EMP00365,2023-12,21,21,0,5,1,2,3.9,171.9,100.0,0,2,Sales,Flexible,EMP00049
ATTJIR1VG0V,EMP00439,2023-02,23,17,6,1,0,0,17.4,153.4,73.9,4,1,Engineering,Flexible,EMP00021
ATT7KOWM5VM,EMP00411,2023-08,22,22,0,0,1,2,0.3,176.3,100.0,0,1,Human Resources,Day,EMP00013
ATTWUI72UTF,EMP00506,2023-08,21,17,-1,3,3,0,9.7,145.7,81.0,3,1,Finance,Day,EMP00036
ATTV3VOHGMZ,EMP00290,2025-04,20,20,0,4,0,3,4.3,164.3,100.0,0,2,Engineering,Flexible,EMP00001
ATTXCVFXES9,EMP00547,2024-08,20,16,4,3,0,0,11.5,139.5,80.0,4,1,Engineering,Day,EMP00010
ATTMIKDF8XQ,EMP00127,2023-11,20,17,3,3,25,1,-5.0,150.6,85.0,0,2,Sales,Night,EMP00048
ATTQQ86O877,EMP00080,2023-09,21,16,5,6,3,3,17.8,145.8,76.2,2,2,Sales,Day,EMP00029
ATTAQXW4JDL,EMP00696,2025-05,23,27,2,4,4,0,11.6,179.6,91.3,2,1,Finance,Day,EMP00018
ATTR8D05209,EMP00355,2024-04,20,16,4,7,2,0,13.4,141.4,80.0,1,1,Finance,Day,EMP00004
ATTYIXKJSXO,EMP00394,2024-08,20,18,2,9,2,1,19.5,163.5,90.0,2,1,Human Resources,Flexible,EMP00022
ATT9VVYZW7K,EMP00778,2023-06,23,16,7,9,5,1,11.6,139.6,69.6,2,1,Marketing,Day,EMP00024
ATT4MWUOHRM,EMP00601,2023-09,21,16,5,9,2,2,3.3,131.3,76.2,1,2,Engineering,Day,EMP00028
ATT9FBGGELC,EMP00321,2023-11,21,17,4,3,3,3,19.4,155.4,81.0,2,2,Human Resources,Night,EMP00023
ATT19ICKNFW,EMP00629,2023-06,22,17,5,0,3,1,15.1,151.1,77.3,0,1,Operations,Night,EMP00013
ATTD53TIFSD,,2024-10,23,23,0,2,5,0,18.1,202.1,100.0,0,0,Legal,Night,EMP00014
ATTLJU27E9W,EMP00646,2024-11,0,20,-1,5,3,2,16.6,176.6,87.0,2,0,Sales,Day,EMP00038
ATT7HIN07XK,EMP00144,2024-02,23,27,2,2,5,3,8.4,,91.3,0,1,Legal,Flexible,EMP00025
ATTJ5DGUFA6,EMP00660,2023-08,23,15,8,5,1,0,8.3,128.3,65.2,5,2,Sales,Day,EMP00029
ATTST8PM9UV,EMP00417,2023-01,20,18,2,3,3,0,1.4,145.4,90.0,0,0,Human Resources,Night,EMP00050
ATTKBAGTENH,EMP00624,2024-06,23,15,8,6,0,0,10.6,130.6,65.2,8,2,Product,Day,EMP00035
ATTFFJJJHGZ,EMP00060,2023-02,22,20,2,1,5,2,14.0,174.0,90.9,0,0,Finance,Flexible,EMP00026
ATTY7Y0R3KP,EMP00682,2024-04,21,20,1,0,0,1,10.2,170.2,95.2,0,2,Legal,Day,EMP00018
ATTCP3CXA39,EMP00095,2025-01,20,16,4,10,5,1,7.9,135.9,80.0,0,2,Legal,Day,EMP00015
ATT36XHJSXU,EMP00684,2025-04,20,19,1,7,4,1,2.3,154.3,95.0,1,1,Legal,Day,EMP00012
ATTAS1NQD9I,EMP00050,2024-11,21,19,2,10,4,2,2.8,154.8,90.5,1,0,Sales,Day,EMP00010
ATTBQV7IX7M,EMP00503,2024-02,23,28,6,1,5,3,14.8,150.8,150.0,1,0,Engineering,Day,EMP00050
ATTBFE830ZE,EMP00524,2023-03,20,19,1,3,4,2,6.0,158.0,95.0,0,2,Operations,Day,EMP00028
ATT57NGS87D,EMP00026,2023-05,21,19,2,8,1,1,-5.0,156.6,90.5,0,0,Engineering,Day,EMP00045
ATTQGR2TJTZ,EMP00185,2023-09,22,16,-1,8,0,2,18.2,146.2,72.7,1,2,Marketing,Day,EMP00048
ATT3QA500X9,EMP00645,2023-09,23,19,4,9,3,1,19.9,171.9,82.6,4,2,Human Resources,Day,EMP00037
ATT83B81AP9,EMP00603,2024-11,21,18,3,0,0,0,6.9,150.9,85.7,0,1,Sales,Night,EMP00040
ATT16TSRPML,,2025-03,23,15,8,3,1,2,5.1,125.1,65.2,2,2,Engineering,Day,EMP00003
ATTTK1KRA7X,EMP00769,2024-05,21,16,5,9,1,2,16.4,144.4,76.2,3,0,Human Resources,Day,EMP00039
ATTRT1SRI0V,EMP00199,2025-05,22,17,5,2,1,3,9.5,145.5,77.3,1,2,Engineering,Day,EMP00043
ATTTEF7AQIH,EMP00274,2023-10,23,28,2,1,1,0,19.9,187.9,91.3,1,0,Product,Day,EMP00037
ATTCGZ49JB2,EMP00364,2025-05,21,17,4,2,1,1,2.6,138.6,81.0,0,0,Legal,Day,EMP00011
ATTIHX2GRUZ,EMP00062,2024-01,20,19,1,6,2,0,3.2,155.2,95.0,0,1,Marketing,Flexible,EMP00018
ATTVZPPVSE8,EMP00301,2023-01,23,17,6,8,3,0,8.2,144.2,73.9,0,0,Engineering,Flexible,EMP00010
ATTGQ3SDTOW,EMP00263,2023-08,23,20,3,0,1,1,13.6,173.6,87.0,3,1,Finance,Flexible,EMP00035
ATT3ZWOVWOG,EMP00056,2024-12,20,16,4,9,2,2,18.2,146.2,80.0,1,1,Marketing,Day,EMP00010
ATTJ7GJP5RS,EMP00321,2023-09,22,15,7,6,0,0,5.4,125.4,68.2,3,1,Sales,Day,EMP00023
ATTPDWOOQO2,EMP00035,2024-06,20,19,-1,7,0,0,17.3,169.3,95.0,1,2,Finance,Day,EMP00009
ATT1N9SXAV1,EMP00391,2025-01,20,19,1,1,1,0,18.3,170.3,95.0,1,1,Sales,Day,EMP00012
ATTF0MEQCRM,EMP00506,2025-04,20,25,1,6,4,1,13.1,165.1,95.0,1,0,Product,Day,EMP00039
ATTJWC8WE6Z,EMP00737,2024-11,21,20,1,1,1,1,9.7,169.7,95.2,1,1,Product,Night,EMP00044
ATTKQTIIUJ1,EMP00206,2023-08,21,18,3,4,4,1,11.0,155.0,85.7,3,1,Sales,Day,EMP00045
ATTG2OW9O3K,EMP00414,2023-02,23,16,7,9,4,0,8.1,136.1,69.6,6,1,Marketing,Day,EMP00025
ATT9CMDYABL,EMP00213,2023-02,23,15,8,9,0,1,7.4,127.4,65.2,1,2,Human Resources,Day,EMP00034
ATTPGQB9AC7,,2024-02,20,17,3,1,2,1,19.5,155.5,85.0,1,2,Marketing,Flexible,EMP00023
ATTG1STYG82,EMP00087,2023-08,22,18,4,6,27,0,-5.0,,81.8,4,1,Marketing,Day,EMP00048
ATTH25PISLF,EMP00518,2024-09,23,22,1,9,3,3,14.4,190.4,95.7,1,1,Product,Flexible,EMP00010
ATTMJU5GL1H,EMP00525,2024-04,21,21,0,9,4,1,5.0,173.0,100.0,0,0,Operations,Day,EMP00015
ATTFQOX3NGW,EMP00126,2023-09,21,24,3,0,5,3,13.2,157.2,85.7,0,2,Sales,Day,EMP00033
ATTNRAWAIWL,EMP00089,2023-01,0,16,4,2,1,2,15.1,143.1,150.0,2,2,Product,Night,EMP00010
ATT8VZSD1SF,EMP00687,2024-07,22,15,-1,1,3,1,8.1,128.1,68.2,7,0,Marketing,Night,EMP00040
ATT21Y1NH40,EMP00685,2024-02,23,20,3,4,3,3,19.8,179.8,87.0,0,0,Finance,Day,EMP00037
ATT5SOLBRFF,EMP00360,2023-04,21,21,0,2,2,0,15.9,183.9,100.0,0,1,Legal,Day,EMP00008
ATTLJYHVYSU,EMP00368,2023-07,23,19,4,1,1,2,2.4,154.4,82.6,0,1,Sales,Day,EMP00041
ATTDOXY7NPI,EMP00771,2025-01,22,18,4,9,3,2,8.8,152.8,81.8,1,0,Legal,Flexible,EMP00037
ATT34G20UU3,EMP00524,2025-05,20,16,4,1,5,3,4.6,132.6,80.0,1,0,Engineering,Day,EMP00035
ATTPVWRU80I,EMP00788,2024-09,22,17,5,2,0,2,10.7,146.7,77.3,1,1,Product,Day,EMP00043
ATT1GI7ODSF,EMP00330,2025-03,21,26,4,4,0,1,7.9,143.9,81.0,4,1,Finance,Day,EMP00029
ATT7A3XRCVU,EMP00747,2023-06,20,20,0,8,2,1,5.4,165.4,100.0,0,0,Product,Day,EMP00021
ATTKNPUIA5L,EMP00115,2023-04,20,16,4,2,4,1,17.4,145.4,80.0,3,0,Product,Night,EMP00010
ATTYA0387KO,EMP00639,2024-06,23,15,8,7,1,1,17.2,137.2,65.2,7,0,Finance,Day,EMP00015
ATTJ2F9IJB5,,2024-12,20,15,5,6,2,2,15.8,135.8,75.0,3,2,Product,Day,EMP00027
ATTCXFE3ELZ,EMP00292,2024-08,23,16,7,2,4,2,2.6,130.6,69.6,1,0,Finance,Day,EMP00034
ATT5Q0SJR5X,EMP00627,2024-03,22,18,-1,10,4,3,14.8,158.8,81.8,4,1,Human Resources,Day,EMP00003
ATTJ8ABVNEG,EMP00192,2023-01,23,16,7,8,3,3,6.5,134.5,69.6,6,1,Sales,Flexible,EMP00022
ATTIXWL6GKM,EMP00634,2024-09,20,17,3,6,3,0,4.0,140.0,85.0,3,0,Legal,Night,EMP00027
ATTIMV3WUGG,EMP00670,2023-05,22,24,6,8,5,0,13.9,141.9,72.7,0,1,Product,Day,EMP00025
ATTOEJ6SIGN,EMP00701,2023-02,23,21,2,3,3,3,-5.0,185.7,91.3,0,1,Marketing,Day,EMP00029
ATT6PTQKYDK,EMP00694,2024-06,23,16,7,3,0,0,18.8,146.8,69.6,2,1,Finance,Day,EMP00045
ATT7JIPZMA6,EMP00586,2024-11,23,18,5,10,0,0,8.9,152.9,78.3,0,0,Finance,Night,EMP00046
ATTIOXJOHPQ,EMP00493,2023-01,21,20,1,6,5,1,7.6,167.6,95.2,1,2,Operations,Night,EMP00041
ATTBYB77HNA,EMP00636,2024-12,23,19,4,5,0,3,7.0,159.0,82.6,4,0,Human Resources,Day,EMP00014
ATTY7BNEMUT,EMP00796,2023-11,20,15,5,7,0,2,0.1,120.1,75.0,3,0,Product,Day,EMP00021
ATTWQAL8P68,EMP00565,2024-10,20,20,0,3,1,0,19.0,179.0,100.0,0,0,Engineering,Day,EMP00042
ATT359H0PO9,EMP00648,2024-07,21,21,0,1,2,1,19.1,187.1,100.0,0,1,Operations,Day,EMP00004
ATTU3UV5N2B,EMP00679,2024-11,20,22,5,3,5,2,14.9,134.9,75.0,3,2,Product,Day,EMP00012
ATTDNKUDMHL,EMP00666,2024-06,23,17,-1,7,0,1,5.4,141.4,73.9,2,1,Sales,Day,EMP00037
ATT9FDQX81H,EMP00250,2023-10,21,18,3,8,4,1,14.7,158.7,150.0,0,1,Operations,Day,EMP00013
ATT9QEFJJDR,,2023-12,21,15,6,8,2,0,2.3,,71.4,4,1,Operations,Night,EMP00020
ATTJVHHN5DW,EMP00366,2024-09,21,19,2,6,1,1,1.6,153.6,90.5,2,0,Legal,Day,EMP00047
ATTT74SK0IJ,EMP00651,2023-12,20,18,2,4,5,0,5.4,149.4,90.0,2,0,Operations,Day,EMP00039
ATT7YKX3K6X,EMP00206,2025-01,20,17,3,2,3,3,18.2,154.2,85.0,1,2,Legal,Flexible,EMP00037
ATTV8H2Q839,EMP00324,2023-06,23,21,2,4,2,2,2.0,170.0,91.3,0,2,Legal,Day,EMP00010
ATTP4AMATHQ,EMP00708,2023-06,22,18,4,10,3,3,10.1,154.1,81.8,3,1,Sales,Day,EMP00039
ATTXXDTTTCK,EMP00346,2023-07,21,24,6,2,5,2,1.7,121.7,71.4,3,1,Legal,Day,EMP00041
ATTD3AGPO1T,EMP00424,2023-09,23,23,0,3,0,1,9.6,193.6,100.0,0,2,Sales,Day,EMP00023
ATTQ43OEEXE,EMP00580,2023-08,23,15,8,0,4,1,2.6,122.6,65.2,2,1,Legal,Night,EMP00005
ATT37RDV9VD,EMP00067,2023-12,0,17,3,1,0,2,17.7,153.7,85.0,0,0,Finance,Night,EMP00008
ATTP2JUGR2C,EMP00411,2024-01,21,15,6,2,1,1,19.0,139.0,71.4,3,2,Legal,Day,EMP00017
ATTABRIQFIT,EMP00096,2024-05,20,20,-1,9,25,0,-5.0,166.2,100.0,0,2,Engineering,Day,EMP00049
ATTZWUYC39U,EMP00294,2025-04,20,16,4,10,3,3,9.5,137.5,80.0,3,2,Marketing,Night,EMP00050
ATTB5GY31P1,EMP00010,2024-03,21,15,6,0,1,2,15.3,135.3,71.4,2,1,Engineering,Flexible,EMP00029
ATTIXGOOFCS,EMP00471,2023-02,21,18,3,7,2,1,4.5,148.5,85.7,2,1,Sales,Day,EMP00028
ATTXAAX66YK,EMP00730,2024-04,22,27,7,9,3,2,2.4,122.4,68.2,5,1,Operations,Day,EMP00030
ATT7N8V2YT9,EMP00320,2024-06,23,18,5,8,4,0,8.4,152.4,78.3,1,2,Product,Night,EMP00048
ATTZWHQY1DN,,2023-07,20,19,1,1,1,3,6.0,158.0,95.0,1,0,Marketing,Flexible,EMP00027
ATT3W66DTAX,EMP00624,2023-08,23,19,4,3,4,0,4.7,156.7,82.6,2,0,Sales,Day,EMP00020
ATTWT00P9Q8,EMP00463,2025-01,22,16,6,3,2,0,1.8,129.8,72.7,4,1,Legal,Day,EMP00001
ATTHJJ93G3Q,EMP00286,2023-06,20,15,5,1,4,2,16.5,136.5,75.0,5,2,Finance,Night,EMP00027
ATTKAYY9KNX,EMP00052,2024-11,22,19,3,5,3,1,9.0,161.0,86.4,3,1,Human Resources,Day,EMP00012
ATT50VSMUUP,EMP00751,2024-05,23,18,5,7,5,1,8.5,152.5,78.3,1,2,Product,Day,EMP00030
ATT27Q07RCJ,EMP00183,2024-11,20,15,5,10,1,3,6.6,126.6,75.0,1,2,Engineering,Day,EMP00034
ATTTPGFCCE0,EMP00032,2023-11,23,28,-1,7,0,3,16.2,176.2,87.0,1,0,Engineering,Day,EMP00014
ATTUT57WX1U,EMP00192,2025-06,21,19,2,3,4,2,1.6,153.6,90.5,2,2,Operations,Day,EMP00011
ATTHZ3H5XUL,EMP00771,2023-05,20,17,3,4,4,1,11.5,147.5,85.0,3,2,Sales,Day,EMP00027
ATTQH7IGKL5,EMP00206,2024-03,21,21,0,1,1,2,10.2,178.2,150.0,0,0,Sales,Flexible,EMP00024
ATTL7XHTBF1,EMP00075,2023-11,23,18,5,7,4,2,8.2,152.2,78.3,5,2,Finance,Flexible,EMP00017
ATTEMVX8RI6,EMP00003,2023-11,21,19,2,6,2,3,11.5,163.5,90.5,2,1,Engineering,Flexible,EMP00027
ATT2JR6WNHV,EMP00438,2023-10,20,19,1,1,5,0,19.9,171.9,95.0,0,2,Engineering,Day,EMP00042
ATT62PMKIOT,EMP00499,2025-03,21,17,4,1,3,2,0.9,136.9,81.0,2,0,Product,Day,EMP00041
ATTFSWBQXIJ,EMP00566,2024-04,23,23,0,9,5,1,9.6,193.6,100.0,0,1,Legal,Flexible,EMP00021
ATTULTRA5QB,EMP00741,2023-11,20,25,2,2,3,0,-5.0,,90.0,1,1,Legal,Day,EMP00023
ATTVOZB61CL,,2023-10,20,19,1,0,4,2,18.2,170.2,95.0,0,2,Sales,Day,EMP00026
ATT4TM9SY3D,EMP00250,2024-01,22,17,5,2,0,1,18.7,154.7,77.3,3,1,Product,Night,EMP00006
ATTH8FH68LN,EMP00342,2024-06,21,18,3,0,2,2,11.5,155.5,85.7,2,1,Marketing,Day,EMP00044
ATTXYRXUJVS,EMP00799,2024-05,21,20,-1,8,2,2,14.8,174.8,95.2,0,1,Legal,Day,EMP00040
ATTDXBYPHG6,EMP00756,2023-01,22,17,5,4,1,3,12.9,148.9,77.3,2,2,Product,Flexible,EMP00040
ATTQ1YXFNOR,EMP00594,2025-02,23,20,3,4,1,0,12.7,172.7,87.0,0,0,Finance,Day,EMP00016
ATTTYJJZOAN,EMP00035,2025-02,21,18,3,10,2,2,11.8,155.8,85.7,0,0,Marketing,Night,EMP00030
ATTK6GI8HKE,EMP00542,2024-09,21,15,6,7,3,0,3.8,123.8,71.4,2,2,Engineering,Day,EMP00038
ATT7ZHHAEYO,EMP00521,2023-10,21,23,0,9,1,2,11.5,179.5,100.0,0,2,Engineering,Night,EMP00027
ATTQGC2GL53,EMP00484,2023-03,22,22,0,2,3,2,18.6,194.6,100.0,0,1,Product,Day,EMP00027
ATTUOV806YN,EMP00260,2025-02,20,15,5,6,3,3,13.2,133.2,75.0,5,1,Engineering,Day,EMP00024
ATT9KTXZ4FU,EMP00683,2024-03,22,22,0,8,5,0,14.6,190.6,100.0,0,2,Product,Day,EMP00011
ATTAOBWMWMY,EMP00160,2023-04,21,16,5,3,0,1,19.7,147.7,76.2,1,0,Finance,Day,EMP00038
ATT9M6NYJS4,EMP00101,2023-10,0,19,1,7,5,3,6.0,158.0,95.0,1,1,Human Resources,Day,EMP00021
ATTVDW7DMLV,EMP00404,2023-07,23,21,2,8,3,0,16.0,184.0,91.3,0,1,Sales,Day,EMP00024
ATTZGYTG3PW,EMP00408,2023-10,22,19,3,6,5,2,2.2,154.2,86.4,1,2,Human Resources,Day,EMP00034
ATTMKFJTS21,EMP00236,2024-04,20,15,-1,1,0,1,14.6,134.6,75.0,3,1,Sales,Day,EMP00021
ATTVMITSM6B,,2023-11,21,23,6,8,3,3,7.6,127.6,71.4,1,2,Marketing,Night,EMP00016
ATTS1YSAYJH,EMP00058,2023-07,23,16,7,7,2,2,13.4,141.4,69.6,3,1,Marketing,Day,EMP00047
ATT967AV0QS,EMP00344,2024-06,21,19,2,10,5,0,7.4,159.4,90.5,0,0,Engineering,Day,EMP00043
ATT8N8SKHYM,EMP00798,2024-02,21,16,5,6,0,1,9.9,137.9,76.2,3,1,Finance,Day,EMP00043
ATTOJ1OWR2E,EMP00353,2023-10,20,16,4,3,25,0,-5.0,133.9,150.0,4,0,Engineering,Day,EMP00013
ATTK4KMDI8L,EMP00394,2023-01,21,15,6,4,2,3,11.5,131.5,71.4,4,2,Engineering,Day,EMP00041
ATTOZ8Z1PBC,EMP00429,2025-04,21,20,1,7,1,1,19.1,179.1,95.2,1,2,Human Resources,Night,EMP00020
ATTG7I1DLPC,EMP00440,2025-04,22,17,5,0,5,2,3.1,139.1,77.3,2,2,Finance,Night,EMP00025
ATTBBXGFUZV,EMP00179,2023-02,20,17,3,4,0,1,15.6,151.6,85.0,3,1,Product,Flexible,EMP00041
ATTJDA17WGQ,EMP00405,2024-10,21,25,2,8,0,2,19.6,171.6,90.5,0,1,Legal,Day,EMP00029
ATTYAGMKC38,EMP00506,2024-04,20,16,4,4,4,0,13.6,141.6,80.0,1,2,Finance,Day,EMP00007
ATTUPY1S9M6,EMP00149,2023-09,22,16,6,0,4,0,14.9,142.9,72.7,6,2,Finance,Day,EMP00026
ATT5C3UE25H,EMP00523,2024-11,20,16,-1,4,4,3,19.9,147.9,80.0,1,2,Sales,Day,EMP00027
ATTIG2GAY5H,EMP00588,2025-03,22,22,0,6,1,0,8.5,184.5,100.0,0,2,Product,Day,EMP00038
ATTMY9X7F6S,EMP00607,2023-08,20,16,4,7,5,0,12.4,140.4,80.0,0,2,Engineering,Night,EMP00001
ATTEC4CTRCN,EMP00088,2025-03,22,21,1,3,1,1,8.4,,95.5,0,2,Human Resources,Day,EMP00033
ATTT85DDKX4,EMP00260,2024-10,21,15,6,5,4,1,19.9,139.9,71.4,3,2,Finance,Day,EMP00048
ATT1GWS3U05,,2024-12,23,22,1,7,1,1,10.5,186.5,95.7,1,0,Sales,Flexible,EMP00043
ATTGHP21PQB,EMP00358,2024-09,22,24,0,10,1,2,6.3,182.3,100.0,0,2,Engineering,Flexible,EMP00015
ATTFFMMXSAO,EMP00704,2025-04,22,19,3,1,5,2,19.2,171.2,86.4,3,1,Sales,Flexible,EMP00005
ATTXBRQA42X,EMP00441,2024-06,23,23,0,3,0,3,18.3,202.3,100.0,0,2,Marketing,Day,EMP00033
ATTMUM3JES7,EMP00464,2023-03,21,20,1,1,3,2,9.4,169.4,95.2,1,1,Finance,Day,EMP00004
ATTQCKXW5JO,EMP00675,2024-01,21,15,6,8,1,1,18.6,138.6,71.4,2,0,Marketing,Flexible,EMP00041
ATTVO4HJ34Z,EMP00636,2024-07,22,20,2,2,3,3,15.0,175.0,90.9,0,2,Finance,Flexible,EMP00002
ATTJRKH2EW3,EMP00691,2023-04,22,19,3,9,5,2,0.8,152.8,86.4,2,1,Operations,Day,EMP00026
ATT5YQK12NM,EMP00318,2024-08,21,20,-1,8,2,3,15.0,175.0,95.2,1,2,Product,Day,EMP00028
ATT4VH2CV7I,EMP00203,2025-05,21,20,1,2,4,0,-5.0,174.3,95.2,0,2,Finance,Day,EMP00044
ATTLVTBSCKS,EMP00246,2024-12,23,28,3,2,3,3,4.3,164.3,87.0,0,2,Legal,Flexible,EMP00036
ATT4RTG8MBC,EMP00380,2024-05,20,16,4,1,5,0,11.8,139.8,80.0,1,0,Operations,Flexible,EMP00038
ATTQGYWNZRQ,EMP00279,2025-05,22,15,7,10,5,1,2.2,122.2,68.2,6,1,Human Resources,Day,EMP00050
ATT2G4JQLS2,EMP00460,2024-12,23,20,3,10,5,2,11.7,171.7,87.0,2,1,Engineering,Night,EMP00029
ATTF1RCBCCZ,EMP00746,2023-05,21,21,0,4,0,2,13.0,181.0,100.0,0,0,Human Resources,Night,EMP00026
ATTZSSRVZ3E,EMP00746,2025-04,22,17,5,1,2,3,13.1,149.1,150.0,4,2,Marketing,Night,EMP00039
ATT9L89FV9P,EMP00485,2024-11,22,16,6,8,5,0,1.6,129.6,72.7,2,0,Human Resources,Night,EMP00031
ATTUAULHGX2,,2023-08,0,17,3,0,3,3,15.4,151.4,85.0,2,2,Legal,Flexible,EMP00035
ATTUITBEQTG,EMP00717,2024-03,22,18,4,2,5,2,10.0,154.0,81.8,1,2,Finance,Night,EMP00021
ATTPVVK13SF,EMP00526,2023-12,23,25,0,4,2,3,15.6,199.6,100.0,0,1,Legal,Flexible,EMP00036
ATTH7PK5TXL,EMP00448,2023-03,21,17,4,10,5,1,18.7,154.7,81.0,3,2,Sales,Day,EMP00019
ATTN2UB3AMT,EMP00668,2023-04,21,16,-1,9,2,1,15.8,143.8,76.2,5,0,Legal,Flexible,EMP00024
ATTDAAWMTZC,EMP00083,2025-01,22,18,4,9,0,3,15.5,159.5,81.8,0,0,Product,Day,EMP00036
ATT60HKUTN7,EMP00747,2023-01,22,19,3,3,1,2,5.0,157.0,86.4,0,2,Product,Night,EMP00036
ATT3DMM3360,EMP00180,2024-08,20,19,1,7,2,0,19.2,171.2,95.0,0,2,Sales,Day,EMP00025
ATTHN7L84C0,EMP00060,2023-03,23,23,0,7,5,2,7.7,191.7,100.0,0,0,Marketing,Day,EMP00012
ATT52YHXOOY,EMP00096,2023-01,20,18,2,2,1,2,3.1,147.1,90.0,0,1,Product,Day,EMP00004
ATTZ3S1R4R0,EMP00115,2024-10,23,22,1,6,2,0,7.2,183.2,95.7,1,0,Legal,Day,EMP00035
ATTRSUF2Q36,EMP00699,2023-10,23,25,3,10,0,3,16.2,176.2,87.0,1,0,Marketing,Night,EMP00021
ATTP91027Q7,EMP00506,2023-12,21,20,1,10,1,2,14.3,174.3,95.2,0,0,Engineering,Flexible,EMP00040
ATTWBWMET8E,EMP00533,2024-03,21,18,3,4,3,2,4.7,148.7,85.7,1,0,Legal,Day,EMP00027
ATTNIAYR42I,EMP00194,2023-05,23,21,2,10,28,3,-5.0,,91.3,0,2,Human Resources,Day,EMP00004
ATTHJ6JQ1CN,EMP00200,2024-01,20,17,3,8,5,3,16.8,152.8,85.0,1,0,Sales,Day,EMP00004
ATTADM9UJXK,EMP00093,2024-04,21,16,5,5,0,0,2.2,130.2,76.2,1,2,Legal,Day,EMP00037
ATTDEAWH99S,,2024-09,20,20,-1,10,4,2,13.9,173.9,100.0,0,2,Marketing,Flexible,EMP00020
ATT4M2UW2XD,EMP00440,2024-11,23,17,6,2,2,0,3.3,139.3,73.9,0,1,Legal,Night,EMP00004
ATTOUY9ZOV1,EMP00308,2025-06,22,16,6,9,5,1,19.7,147.7,72.7,6,0,Sales,Day,EMP00034
ATT47TQYT3M,EMP00749,2025-06,20,22,0,6,4,0,5.1,165.1,100.0,0,0,Product,Flexible,EMP00036
ATTWN4IG7OF,EMP00719,2024-08,22,15,7,4,1,2,8.1,128.1,68.2,0,1,Operations,Day,EMP00018
ATTTABW4J0B,EMP00525,2024-02,20,16,4,9,0,2,6.7,134.7,80.0,4,1,Product,Day,EMP00039
ATTBFVXLYM4,EMP00070,2024-01,23,21,2,2,4,2,16.8,184.8,91.3,0,0,Legal,Day,EMP00035
ATT9I5P0LXU,EMP00481,2023-03,21,18,3,1,5,0,4.0,148.0,85.7,0,1,Human Resources,Night,EMP00048
ATTF97F3DW5,EMP00616,2024-10,22,15,7,5,1,0,6.9,126.9,68.2,0,2,Engineering,Flexible,EMP00003
ATTWG9R5F6P,EMP00795,2023-02,21,15,6,1,4,1,5.8,125.8,150.0,2,0,Operations,Day,EMP00028
ATTIUDPXIZC,EMP00084,2025-06,22,15,7,1,5,3,14.6,134.6,68.2,6,1,Legal,Day,EMP00035
ATTKZ3SWOEX,EMP00227,2024-03,21,17,4,7,4,0,12.9,148.9,81.0,3,2,Sales,Night,EMP00036
ATTDC2C5SOS,EMP00304,2025-05,23,26,7,5,1,0,11.0,139.0,69.6,2,0,Legal,Day,EMP00015
ATTIZYKCVMD,EMP00306,2024-07,22,20,-1,3,4,1,0.2,160.2,90.9,1,1,Marketing,Night,EMP00014
ATTA2OCM1QI,EMP00026,2024-04,21,17,4,9,5,1,7.8,143.8,81.0,3,0,Sales,Day,EMP00021
ATT6U0IY42V,EMP00205,2023-08,20,18,2,6,0,0,15.9,159.9,90.0,2,2,Finance,Flexible,EMP00022
ATTZLIDPKOG,EMP00413,2025-01,21,16,5,3,1,0,2.4,130.4,76.2,4,2,Finance,Night,EMP00030
ATTAT83DK6U,,2023-06,21,20,1,4,0,3,16.9,176.9,95.2,0,2,Finance,Day,EMP00009
ATTS2RS3UF5,EMP00085,2023-07,21,17,4,10,1,1,9.6,145.6,81.0,0,2,Marketing,Day,EMP00014
ATTW89ZGEPM,EMP00403,2024-10,23,23,0,10,4,3,-5.0,199.0,100.0,0,2,Marketing,Day,EMP00023
ATT6RJ6EK2V,EMP00148,2024-04,22,15,7,3,4,3,17.7,137.7,68.2,7,0,Marketing,Day,EMP00033
ATTR49KARS2,EMP00539,2024-04,0,27,4,4,3,3,6.1,150.1,81.8,2,1,Sales,Flexible,EMP00001
ATTMEGQUSSW,EMP00455,2024-06,20,20,0,4,3,0,3.5,163.5,100.0,0,2,Operations,Day,EMP00043
ATTRA3T331E,EMP00415,2024-08,20,15,5,2,0,0,13.7,133.7,75.0,3,1,Sales,Day,EMP00046
ATTSBR5WAXD,EMP00191,2023-09,20,18,2,10,4,2,17.6,161.6,90.0,2,2,Marketing,Flexible,EMP00021
ATTD1S3REFR,EMP00479,2024-04,23,19,4,10,5,3,18.5,170.5,82.6,1,2,Sales,Day,EMP00042
ATTP93AA9FT,EMP00799,2025-04,22,22,-1,10,5,2,5.5,181.5,100.0,0,1,Finance,Day,EMP00030
ATTMK4XR24T,EMP00441,2025-04,22,15,7,1,3,1,1.4,121.4,68.2,6,1,Marketing,Night,EMP00038
ATTXHI1T7MG,EMP00416,2025-01,22,15,7,2,0,2,2.5,122.5,68.2,1,0,Finance,Night,EMP00001
ATTFQEJ7NKE,EMP00102,2023-05,23,16,7,10,5,0,5.5,133.5,69.6,0,1,Human Resources,Day,EMP00038
ATT46612TYV,EMP00590,2023-01,22,27,1,10,3,1,13.7,,95.5,0,0,Engineering,Flexible,EMP00012
ATTI1NSHF33,EMP00532,2023-05,22,20,2,5,0,0,8.8,168.8,90.9,2,0,Product,Day,EMP00009
ATTX22XHH76,EMP00350,2023-01,23,18,5,10,1,3,0.6,144.6,78.3,3,0,Operations,Flexible,EMP00007
ATTSCJO6PGI,EMP00535,2024-07,22,20,2,6,0,0,15.6,175.6,90.9,1,2,Legal,Day,EMP00013
ATTIJJPV1IY,,2023-04,20,15,5,8,0,1,7.8,127.8,75.0,1,0,Engineering,Day,EMP00032
ATTQI05JPUB,EMP00063,2025-01,21,18,3,4,5,0,15.2,159.2,85.7,1,2,Product,Flexible,EMP00021
ATTRTT99KW3,EMP00405,2024-11,20,17,3,5,1,2,5.4,141.4,85.0,0,2,Legal,Day,EMP00011
ATTW5PKIEXJ,EMP00112,2023-04,21,18,3,10,0,0,6.3,150.3,150.0,1,2,Sales,Flexible,EMP00014
ATT0ED8QE8Y,EMP00451,2023-08,23,21,2,4,5,1,2.2,170.2,91.3,0,0,Human Resources,Day,EMP00006
ATTB57E6W76,EMP00753,2023-02,20,23,-1,4,3,1,12.9,156.9,90.0,2,1,Engineering,Day,EMP00029
ATTZ63TBWQM,EMP00593,2024-05,21,18,3,7,1,0,11.3,155.3,85.7,0,1,Legal,Day,EMP00038
ATTYGNDJYFX,EMP00269,2024-10,23,18,5,5,28,3,-5.0,153.9,78.3,1,2,Sales,Day,EMP00030
ATTN1OGB9B7,EMP00509,2024-05,22,21,1,3,5,1,8.1,176.1,95.5,1,0,Engineering,Day,EMP00032
ATTDKC4YH29,EMP00369,2025-04,22,21,1,2,4,3,6.4,174.4,95.5,1,2,Engineering,Day,EMP00003
ATT68FPZY4X,EMP00024,2023-11,23,17,6,1,3,0,14.5,150.5,73.9,2,0,Product,Day,EMP00036
ATT0QOYZHRU,EMP00329,2024-11,20,19,1,4,0,1,16.1,168.1,95.0,1,0,Operations,Day,EMP00001
ATTEUNK5CBP,EMP00155,2025-04,22,20,2,4,4,2,6.7,166.7,90.9,2,2,Human Resources,Day,EMP00049
ATTQ5MOU7HU,EMP00222,2025-04,21,18,3,9,0,1,10.3,154.3,85.7,1,1,Engineering,Day,EMP00027
ATTUM0AED2Y,EMP00215,2023-06,20,23,1,1,4,2,8.2,160.2,95.0,0,0,Engineering,Day,EMP00029
ATTRU7APXQY,EMP00095,2025-01,20,19,1,0,0,0,3.3,155.3,95.0,1,0,Finance,Day,EMP00035
ATTWG4HK1W9,EMP00473,2025-06,22,20,2,5,3,2,11.6,171.6,90.9,1,0,Operations,Night,EMP00048
ATTKZD6FC82,,2023-05,20,15,5,0,3,1,13.0,133.0,75.0,0,1,Operations,Day,EMP00018
ATTJA8MU6MS,EMP00768,2024-03,20,15,-1,0,1,2,19.5,139.5,75.0,3,1,Sales,Night,EMP00016
ATT5YAO7ERP,EMP00220,2024-02,20,19,1,10,4,1,6.4,158.4,95.0,0,0,Sales,Day,EMP00045
ATTC2IFF4N8,EMP00261,2023-09,22,16,6,4,0,3,3.1,131.1,72.7,6,2,Legal,Flexible,EMP00030
ATTU4VKJKG2,EMP00129,2023-04,20,16,4,9,5,1,5.0,133.0,80.0,1,0,Finance,Night,EMP00015
ATTFLD8E02K,EMP00286,2024-03,23,22,1,1,5,2,7.2,183.2,95.7,0,0,Engineering,Day,EMP00019
ATTR7BYTSI8,EMP00153,2024-01,20,24,0,10,4,0,3.4,163.4,100.0,0,1,Finance,Day,EMP00022
ATT5721UOVH,EMP00418,2024-03,22,20,2,8,1,0,13.6,173.6,90.9,2,0,Engineering,Day,EMP00022
ATTTA0SD5I4,EMP00036,2024-03,0,17,3,7,3,2,7.8,143.8,85.0,2,1,Operations,Night,EMP00043
ATTVFJQXGKB,EMP00746,2023-05,23,18,5,1,3,1,9.5,153.5,78.3,2,2,Sales,Day,EMP00049
ATTGIYQ9H7Q,EMP00461,2024-03,20,16,4,6,0,1,7.1,135.1,80.0,1,0,Sales,Night,EMP00006
ATTQ6YB2C5T,EMP00430,2024-05,20,19,1,4,3,3,12.4,164.4,95.0,0,2,Marketing,Day,EMP00024
ATTR6785QWV,EMP00600,2023-12,21,21,0,2,4,3,-5.0,,100.0,0,0,Human Resources,Flexible,EMP00039
ATTZZQKLIOL,EMP00295,2025-06,20,15,5,8,2,0,3.9,123.9,75.0,0,1,Finance,Day,EMP00008
ATT4MNCNZJ7,EMP00712,2024-01,22,18,-1,9,1,0,4.1,148.1,150.0,1,1,Finance,Day,EMP00035
ATTS3N3PN3W,EMP00588,2024-10,22,27,6,8,2,1,3.4,131.4,72.7,0,1,Product,Flexible,EMP00016
ATTLH1I9J5H,EMP00600,2025-01,21,17,4,10,2,1,9.4,145.4,81.0,2,0,Product,Day,EMP00024
ATTU9RFVSOW,,2024-05,22,20,2,2,0,0,10.0,170.0,90.9,1,1,Finance,Day,EMP00016
ATTUY95I2QE,EMP00699,2025-06,23,20,3,5,4,2,10.6,170.6,87.0,1,1,Sales,Day,EMP00006
ATTWH4H7G2S,EMP00317,2024-01,21,15,6,7,1,0,16.6,136.6,71.4,1,1,Legal,Day,EMP00030
ATTYU9ZWY1Y,EMP00653,2024-01,23,23,0,3,3,2,10.8,194.8,100.0,0,1,Marketing,Day,EMP00008
ATTHHJMZBXT,EMP00050,2025-05,22,15,7,3,2,2,14.8,134.8,68.2,7,0,Marketing,Day,EMP00003
ATTVKI80ETC,EMP00036,2024-01,22,22,0,0,5,1,14.6,190.6,100.0,0,0,Legal,Night,EMP00033
ATTAY9QGG4D,EMP00208,2024-05,21,19,2,8,4,1,11.8,163.8,90.5,1,2,Product,Night,EMP00017
ATTWTL3TB8I,EMP00052,2024-08,22,24,1,3,5,2,8.2,176.2,95.5,1,0,Marketing,Day,EMP00001
ATTTMKRW6YD,EMP00594,2024-07,20,15,5,10,0,3,11.4,131.4,75.0,4,0,Sales,Night,EMP00025
ATTDU09BK43,EMP00245,2025-06,22,17,5,7,0,3,16.5,152.5,77.3,0,2,Product,Night,EMP00037
ATT1XWL6HQL,EMP00041,2023-09,23,22,-1,2,2,1,8.8,184.8,95.7,0,2,Human Resources,Day,EMP00014
ATTRIIPBHPA,EMP00759,2024-01,21,20,1,5,3,1,4.4,164.4,95.2,1,2,Operations,Day,EMP00024
ATTHKN6ZNRI,EMP00070,2025-01,23,15,8,10,5,2,14.3,134.3,65.2,7,1,Legal,Night,EMP00037
ATTZPWXK52R,EMP00127,2023-05,22,21,1,7,5,3,6.1,174.1,95.5,1,2,Operations,Flexible,EMP00003
ATTQWDQVZCX,EMP00020,2024-10,20,15,5,8,3,2,14.2,134.2,75.0,1,2,Legal,Day,EMP00004
ATTK0PFB77E,EMP00586,2025-01,21,15,6,1,1,1,8.0,128.0,71.4,3,0,Engineering,Day,EMP00016
ATTUN7R488V,EMP00563,2025-03,22,24,2,2,0,2,14.4,174.4,90.9,2,2,Sales,Flexible,EMP00011
ATTZKRKU3E1,,2023-07,21,21,0,7,26,3,-5.0,172.1,100.0,0,2,Sales,Day,EMP00001
ATTCVQZ4DEI,EMP00707,2023-12,22,19,3,0,1,0,3.5,155.5,86.4,3,1,Sales,Night,EMP00026
ATTYXMU1KWZ,EMP00520,2023-08,23,18,5,0,0,2,5.4,149.4,78.3,4,1,Engineering,Day,EMP00013
ATTVXYOFNZF,EMP00240,2023-09,22,16,6,0,3,3,16.9,144.9,72.7,1,1,Marketing,Night,EMP00037
ATTZAEC7RJ1,EMP00015,2025-03,20,19,1,3,5,2,11.0,163.0,95.0,1,0,Product,Day,EMP00023
ATTS7TMRLYN,EMP00576,2024-04,20,15,5,8,0,2,16.1,136.1,75.0,3,1,Legal,Night,EMP00022
ATTSS08G2K7,EMP00475,2025-03,23,19,-1,6,0,1,19.6,171.6,82.6,3,0,Operations,Day,EMP00026
ATTTP5FYJLB,EMP00692,2025-04,20,15,5,9,5,3,10.5,130.5,75.0,4,0,Sales,Day,EMP00029
ATT72422LYF,EMP00262,2024-05,21,26,4,0,1,2,19.3,155.3,150.0,2,0,Engineering,Day,EMP00037
ATTH8EPB0OQ,EMP00364,2023-03,21,17,4,9,2,0,19.4,155.4,81.0,2,0,Human Resources,Day,EMP00030
ATT75U22TVV,EMP00755,2024-06,20,15,5,1,5,1,6.3,126.3,75.0,3,0,Human Resources,Day,EMP00011
ATTXFFX5DAP,EMP00108,2023-01,23,16,7,6,1,1,1.1,,69.6,4,1,Product,Day,EMP00017
ATTTTOWTXKT,EMP00476,2023-10,0,16,7,2,5,2,6.3,134.3,69.6,7,2,Engineering,Day,EMP00028
ATT4K3YZDUW,EMP00184,2025-06,23,23,0,0,3,3,4.4,188.4,100.0,0,0,Legal,Day,EMP00029
ATTJXKXPYLN,EMP00575,2023-08,23,21,2,5,0,3,15.0,183.0,91.3,0,0,Finance,Day,EMP00047
ATTYCW4SP4W,EMP00318,2024-04,23,23,0,9,5,2,5.2,189.2,100.0,0,2,Legal,Night,EMP00018
ATT2XC4FA5B,EMP00654,2025-05,21,17,4,9,4,0,19.1,155.1,81.0,0,1,Operations,Day,EMP00028
ATTOOTC1Y6L,,2024-11,20,24,1,8,2,3,14.6,166.6,95.0,1,2,Product,Flexible,EMP00049
ATT2JHR35DS,EMP00436,2024-03,22,19,3,2,4,1,18.2,170.2,86.4,2,0,Human Resources,Night,EMP00014
ATTE1G3N9AA,EMP00063,2023-09,22,15,-1,8,1,3,9.0,129.0,68.2,4,1,Engineering,Day,EMP00035
ATT61VMHVVE,EMP00063,2023-06,21,20,1,5,0,2,18.5,178.5,95.2,0,1,Sales,Day,EMP00036
ATTNTH32L6Y,EMP00196,2024-04,23,20,3,1,4,3,2.9,162.9,87.0,0,2,Human Resources,Flexible,EMP00047
ATTMZUV0KCR,EMP00098,2025-01,21,17,4,7,2,0,-5.0,155.1,81.0,1,0,Marketing,Day,EMP00039
ATT8GBDVU62,EMP00597,2024-06,21,19,2,2,4,2,4.7,156.7,90.5,2,1,Legal,Day,EMP00032
ATTM2OIM1W6,EMP00697,2023-03,22,18,4,2,2,3,0.4,144.4,81.8,3,0,Operations,Day,EMP00023
ATTVBIBL1MO,EMP00053,2024-09,23,21,2,10,2,0,8.3,176.3,91.3,0,1,Operations,Flexible,EMP00029
ATTVF9IPYF1,EMP00559,2025-01,22,26,6,4,4,3,6.6,134.6,72.7,2,1,Legal,Day,EMP00001
ATTLRWPE6HU,EMP00617,2024-05,22,17,5,7,2,0,2.3,138.3,77.3,0,0,Finance,Day,EMP00048
ATTKJYQTPB6,EMP00346,2024-12,22,17,5,0,2,0,0.4,136.4,77.3,5,2,Marketing,Day,EMP00013
ATTX3CT2ZP2,EMP00118,2024-02,21,18,3,10,3,1,15.1,159.1,85.7,1,0,Product,Flexible,EMP00031
ATTK2F0K2RY,EMP00208,2025-01,20,15,5,9,4,1,19.7,139.7,75.0,0,1,Operations,Day,EMP00027
ATTXBTIP1H6,EMP00227,2024-08,23,20,3,3,4,1,16.8,176.8,87.0,0,0,Marketing,Day,EMP00013
ATT0FITCWP8,EMP00788,2024-02,22,22,-1,5,3,2,6.0,182.0,100.0,0,2,Human Resources,Day,EMP00026
ATTZB9GNT4X,EMP00095,2025-06,22,18,4,0,1,2,2.0,146.0,81.8,2,2,Finance,Flexible,EMP00015
ATTO9INOX8U,,2025-02,22,19,3,4,4,1,16.4,168.4,86.4,3,0,Finance,Flexible,EMP00014
ATTAVOBJ5OK,EMP00385,2024-04,22,25,1,7,1,3,10.3,178.3,95.5,0,0,Engineering,Day,EMP00041
ATTFVDRFZMP,EMP00464,2025-05,21,16,5,4,5,2,14.3,142.3,150.0,3,1,Legal,Day,EMP00017
ATT9DRAN4A0,EMP00360,2023-12,21,20,1,0,1,1,3.3,163.3,95.2,0,1,Product,Day,EMP00016
ATTV0H5GCQH,EMP00405,2024-05,20,18,2,10,3,3,19.9,163.9,90.0,2,2,Sales,Flexible,EMP00017
ATTU8CQ8K1A,EMP00237,2025-03,20,16,4,3,3,2,17.4,145.4,80.0,4,2,Sales,Flexible,EMP00037
ATTVG04M01U,EMP00127,2024-08,22,18,4,2,2,0,18.5,162.5,81.8,4,0,Operations,Day,EMP00026
ATTAQ8Y1RYP,EMP00029,2023-09,22,18,4,7,3,3,6.5,150.5,81.8,4,1,Marketing,Night,EMP00030
ATTZJNGCHCM,EMP00792,2025-02,22,21,1,8,2,0,4.4,172.4,95.5,0,2,Finance,Day,EMP00038
ATT1L85E5VY,EMP00370,2024-01,22,18,4,5,1,2,8.4,152.4,81.8,2,0,Engineering,Day,EMP00024
ATTWB0AH4FM,EMP00264,2024-02,23,28,8,7,28,2,-5.0,,65.2,4,2,Marketing,Flexible,EMP00044
ATT4C8ODOXL,EMP00084,2024-09,21,15,-1,5,5,2,8.8,128.8,71.4,3,0,Finance,Day,EMP00028
ATTYQSPLHZ4,EMP00284,2023-05,23,17,6,5,4,1,4.0,140.0,73.9,3,0,Engineering,Day,EMP00050
ATTC0GJH6IU,EMP00639,2024-09,22,17,5,3,3,3,13.9,149.9,77.3,2,2,Engineering,Day,EMP00030
ATT2TKLA20K,EMP00579,2024-03,20,17,3,2,2,1,4.2,140.2,85.0,1,0,Engineering,Day,EMP00033
ATTJBPMT6T7,EMP00135,2024-06,20,18,2,8,0,1,17.0,161.0,90.0,2,0,Operations,Day,EMP00003
ATTUHQ81SDW,EMP00002,2025-01,0,21,0,6,2,0,13.2,181.2,100.0,0,0,Engineering,Night,EMP00007
ATTXAFCEQY7,,2023-05,21,20,1,6,0,2,15.2,175.2,95.2,0,1,Marketing,Day,EMP00047
ATTBGKYBMSK,EMP00782,2025-03,20,16,4,5,2,1,0.7,128.7,80.0,1,2,Human Resources,Day,EMP00012
ATTPKUQPECY,EMP00249,2023-01,22,24,0,2,5,0,0.6,176.6,100.0,0,2,Legal,Day,EMP00042
ATT59BHSOR6,EMP00350,2024-06,23,22,1,8,0,2,10.5,186.5,95.7,0,2,Operations,Night,EMP00017
ATT5FSVA3LO,EMP00325,2023-12,23,20,3,10,0,0,1.7,161.7,87.0,1,0,Operations,Day,EMP00049
ATTPO7WR7CD,EMP00122,2024-03,22,18,4,8,0,0,13.1,157.1,81.8,1,1,Engineering,Night,EMP00037
ATTWCWFBWYN,EMP00722,2024-08,20,20,0,1,4,3,19.4,179.4,100.0,0,0,Operations,Day,EMP00031
ATTGGS1VU34,EMP00547,2023-04,21,19,-1,7,5,2,12.0,164.0,90.5,2,2,Marketing,Night,EMP00023
ATT5XGS0VBC,EMP00120,2024-05,20,16,4,4,3,3,4.5,132.5,80.0,0,2,Engineering,Day,EMP00008
ATTXLVTWWK5,EMP00332,2023-04,20,18,2,0,4,0,15.7,159.7,90.0,2,0,Engineering,Night,EMP00023
ATTO69LNGAH,EMP00291,2024-11,20,18,2,4,0,3,13.4,157.4,90.0,2,0,Sales,Flexible,EMP00006
ATTHIRECJK2,EMP00676,2025-03,22,24,7,7,4,3,6.2,126.2,68.2,2,0,Finance,Day,EMP00032
ATTTSUCAUP6,EMP00077,2024-07,22,19,3,8,0,2,1.0,153.0,86.4,3,0,Engineering,Day,EMP00020
ATTV31TZ5P0,EMP00309,2024-03,23,16,7,8,0,3,17.8,145.8,150.0,3,1,Engineering,Night,EMP00020
ATTZWK2GZ2Y,EMP00366,2023-02,21,16,5,1,4,2,18.3,146.3,76.2,2,0,Human Resources,Night,EMP00004
ATTVIDO1EY0,EMP00477,2023-01,21,19,2,5,4,3,-5.0,153.1,90.5,2,1,Product,Flexible,EMP00041
ATTZ6BQ9RMA,EMP00421,2023-08,21,17,4,7,4,1,5.8,141.8,81.0,3,2,Legal,Day,EMP00027
ATT10ZEXOOJ,,2023-11,20,17,3,0,3,0,11.3,147.3,85.0,0,0,Human Resources,Day,EMP00032
ATTVTOJM0TT,EMP00549,2024-04,23,18,5,7,2,2,5.7,149.7,78.3,2,1,Human Resources,Night,EMP00024
ATTVDWJ0UY2,EMP00670,2023-08,23,23,0,9,4,2,1.5,185.5,100.0,0,0,Product,Day,EMP00045
ATTSEDWDV12,EMP00763,2023-01,20,25,-1,5,2,2,10.2,154.2,90.0,1,1,Finance,Night,EMP00044
ATTINDU8O6I,EMP00341,2024-10,22,22,0,0,5,1,15.0,191.0,100.0,0,2,Product,Day,EMP00022
ATTBFFIWO5U,EMP00217,2025-06,21,15,6,10,1,3,14.3,134.3,71.4,0,0,Legal,Day,EMP00022
ATTQX02IPI4,EMP00620,2024-07,21,20,1,7,2,1,3.7,163.7,95.2,1,1,Product,Day,EMP00020
ATT1UUEGFGQ,EMP00706,2024-09,22,17,5,7,0,0,15.9,151.9,77.3,4,2,Sales,Day,EMP00015
ATT6MDQCWLO,EMP00590,2023-07,21,19,2,10,5,3,1.4,153.4,90.5,2,1,Product,Flexible,EMP00033
ATTMNATR83R,EMP00538,2023-02,22,16,6,5,3,1,16.2,,72.7,3,1,Marketing,Day,EMP00031
ATT6LGULI4R,EMP00713,2025-02,22,15,7,5,3,2,5.2,125.2,68.2,6,1,Sales,Day,EMP00016
ATTWVNNGRAY,EMP00560,2024-03,21,18,3,9,4,0,6.4,150.4,85.7,2,1,Finance,Day,EMP00015
ATT9K0533IS,EMP00451,2025-06,21,25,0,5,4,2,5.4,173.4,100.0,0,0,Human Resources,Night,EMP00012
ATTJ7TCCLJ7,EMP00497,2024-03,20,15,5,7,0,2,3.8,123.8,75.0,5,1,Human Resources,Day,EMP00012
ATTLBES3EL9,EMP00001,2024-09,20,18,2,7,4,3,17.1,161.1,90.0,1,0,Product,Flexible,EMP00001
ATTBPPKWA2N,EMP00286,2024-12,22,22,0,0,1,3,17.2,193.2,100.0,0,2,Engineering,Day,EMP00021
ATTVXW8PJ2F,EMP00402,2024-10,20,15,-1,4,4,1,15.3,135.3,75.0,5,2,Finance,Flexible,EMP00021
ATT2PBCGXW8,,2025-01,20,17,3,7,2,2,10.6,146.6,85.0,0,2,Operations,Day,EMP00037
ATT3RZ6ZE67,EMP00144,2023-12,20,15,5,9,2,2,10.5,130.5,75.0,5,1,Sales,Day,EMP00043
ATT0TT07X56,EMP00713,2025-02,23,18,5,9,5,0,15.6,159.6,78.3,3,0,Marketing,Night,EMP00039
ATTF06V2YKV,EMP00173,2023-06,0,15,6,1,26,2,-5.0,126.2,71.4,0,0,Human Resources,Day,EMP00047
ATTG3HGJYTZ,EMP00030,2023-01,22,27,4,9,2,3,17.9,161.9,81.8,4,1,Engineering,Night,EMP00033
ATT8UXSA1VB,EMP00411,2024-06,20,18,2,5,1,1,4.2,148.2,90.0,0,0,Engineering,Day,EMP00021
ATTXCF4I1KS,EMP00740,2025-01,20,17,3,6,3,2,7.8,143.8,85.0,2,2,Human Resources,Night,EMP00024
ATTDFXEYZF7,EMP00121,2024-12,20,18,2,4,2,0,18.6,162.6,150.0,0,1,Engineering,Night,EMP00050
ATT36TGZMUG,EMP00576,2024-09,22,22,0,0,3,1,6.8,182.8,100.0,0,0,Engineering,Day,EMP00004
ATTJL5JNCG4,EMP00104,2024-09,21,17,4,5,0,0,17.3,153.3,81.0,0,2,Engineering,Flexible,EMP00034
ATTOK92U5RW,EMP00156,2024-04,21,19,2,7,2,0,2.5,154.5,90.5,2,1,Legal,Flexible,EMP00050
ATTR3S53VNW,EMP00529,2024-09,22,18,4,7,2,2,12.9,156.9,81.8,1,1,Marketing,Flexible,EMP00004
ATTN7NGD75Q,EMP00188,2025-05,20,16,-1,7,1,2,1.0,129.0,80.0,0,1,Legal,Day,EMP00029
ATT08FVS1W6,EMP00328,2023-10,23,25,4,0,0,2,14.0,166.0,82.6,1,0,Operations,Day,EMP00026
ATT7COPDQ7G,EMP00785,2024-10,21,18,3,4,4,3,3.5,147.5,85.7,2,0,Sales,Day,EMP00001
ATT2GX5BQFV,EMP00104,2024-01,22,18,4,3,5,3,8.2,152.2,81.8,1,2,Finance,Night,EMP00012
ATTWF2ZF0JL,EMP00478,2024-02,23,15,8,6,5,3,11.2,131.2,65.2,7,0,Legal,Day,EMP00029
ATT14PHVC4C,,2025-03,20,16,4,0,4,2,11.1,139.1,80.0,4,1,Human Resources,Day,EMP00048
ATT7FNYMNA9,EMP00190,2023-09,21,19,2,1,0,0,0.2,152.2,90.5,2,0,Engineering,Day,EMP00004
ATTLOV8PKS5,EMP00506,2024-09,22,21,1,8,1,0,16.4,184.4,95.5,1,0,Operations,Day,EMP00028
ATTDVXB5JI0,EMP00688,2024-10,21,16,5,0,1,0,11.4,139.4,76.2,2,2,Marketing,Night,EMP00034
ATTE3BKSUIK,EMP00303,2023-09,20,18,2,3,1,1,9.6,153.6,90.0,0,0,Human Resources,Day,EMP00046
ATT5PZU94FV,EMP00539,2024-12,21,25,4,0,4,1,5.8,141.8,81.0,0,0,Human Resources,Flexible,EMP00042
ATTDVM1LCUK,EMP00067,2023-07,20,17,3,10,3,3,11.7,147.7,85.0,2,0,Finance,Day,EMP00016
ATT3Z42HMQW,EMP00695,2023-05,23,17,6,10,4,1,1.9,137.9,73.9,3,1,Operations,Day,EMP00021
ATTGUHJCXAW,EMP00031,2023-05,22,19,-1,5,0,0,-5.0,,86.4,3,1,Human Resources,Day,EMP00030
ATT6VFLTUVF,EMP00770,2025-03,21,18,3,4,2,3,12.7,156.7,85.7,1,2,Human Resources,Flexible,EMP00013
ATTY15GNQ32,EMP00735,2024-05,23,16,7,2,1,0,4.2,132.2,69.6,3,0,Product,Flexible,EMP00039
ATTAEOYIE0O,EMP00781,2023-12,21,17,4,10,0,1,15.4,151.4,81.0,0,0,Sales,Day,EMP00030
ATTVBCK06FC,EMP00697,2025-02,22,21,1,5,1,1,3.6,171.6,95.5,0,1,Engineering,Day,EMP00047
ATT115XS3LA,EMP00039,2023-05,22,17,5,3,0,2,13.0,149.0,77.3,1,2,Operations,Day,EMP00024
ATTWYL2SQQY,EMP00169,2024-05,22,25,2,8,4,2,4.9,164.9,90.9,2,1,Engineering,Day,EMP00017
ATT28SIRMQ9,EMP00016,2024-12,22,15,7,8,3,1,1.9,121.9,68.2,0,0,Product,Day,EMP00031
ATTRN2B9UW1,EMP00402,2023-06,23,22,1,3,3,2,9.5,185.5,95.7,0,1,Engineering,Day,EMP00039
ATTXZ17HY6Q,,2023-01,22,19,3,1,4,3,17.8,169.8,86.4,3,0,Marketing,Day,EMP00017
ATTOJXASO8A,EMP00320,2023-02,20,18,2,9,0,1,1.3,145.3,150.0,2,2,Engineering,Day,EMP00029
ATT1F5M14I0,EMP00786,2024-04,20,15,5,10,1,0,16.9,136.9,75.0,0,2,Engineering,Flexible,EMP00005
ATTUQ0IBYSZ,EMP00605,2024-08,22,16,6,3,3,1,17.6,145.6,72.7,5,0,Engineering,Night,EMP00043
ATTK968MH9U,EMP00259,2023-12,20,16,-1,9,1,2,5.2,133.2,80.0,4,2,Legal,Day,EMP00032
ATTY85K45D4,EMP00011,2023-06,23,22,1,2,3,3,9.2,185.2,95.7,0,0,Human Resources,Day,EMP00021
ATTYBI48ENT,EMP00248,2024-10,22,26,0,8,4,3,15.6,191.6,100.0,0,1,Sales,Day,EMP00011
ATT1URY44HI,EMP00546,2025-04,0,15,5,3,0,2,19.8,139.8,75.0,5,1,Product,Day,EMP00022
ATTJ6KWAKHQ,EMP00370,2024-02,20,15,5,4,1,1,7.5,127.5,75.0,4,0,Engineering,Night,EMP00050
ATTBFS2KGXX,EMP00693,2024-12,22,16,6,10,4,3,15.2,143.2,72.7,5,2,Finance,Day,EMP00018
ATTP0IVN0Q1,EMP00518,2024-03,21,19,2,1,2,3,3.2,155.2,90.5,1,2,Sales,Night,EMP00040
ATTHV136TCU,EMP00081,2024-06,20,20,0,6,4,3,10.3,170.3,100.0,0,2,Marketing,Day,EMP00004
ATTHQHEVOX5,EMP00173,2023-11,22,18,4,0,5,1,15.2,159.2,81.8,2,0,Marketing,Night,EMP00025
ATT0AIRPD4W,EMP00230,2024-08,20,15,5,0,25,2,-5.0,136.9,75.0,0,1,Operations,Night,EMP00040
ATT5BRK88PC,EMP00141,2025-04,20,17,3,3,4,0,1.5,137.5,85.0,1,0,Marketing,Day,EMP00008
ATTYCN05MTT,EMP00491,2025-01,20,23,2,9,4,2,5.1,149.1,90.0,2,0,Product,Night,EMP00050
ATTCS3X68LU,EMP00629,2024-02,20,15,5,4,5,1,6.4,126.4,75.0,3,1,Operations,Day,EMP00024
ATTCQN6FSYK,,2024-08,20,18,-1,3,3,3,14.6,158.6,90.0,1,0,Sales,Flexible,EMP00015
ATT8IC6RBYU,EMP00287,2023-06,22,16,6,1,0,2,4.3,132.3,72.7,0,0,Legal,Flexible,EMP00022
ATTFFFPJCQA,EMP00272,2025-06,23,17,6,4,1,2,14.5,150.5,73.9,0,2,Marketing,Day,EMP00003
ATT8D07K4VI,EMP00204,2024-02,22,18,4,9,0,0,17.4,161.4,81.8,1,1,Legal,Night,EMP00047
ATTD2BILYAA,EMP00797,2023-07,23,18,5,8,1,1,14.3,158.3,78.3,3,0,Sales,Night,EMP00047
ATT6XE5ELGZ,EMP00443,2023-06,20,15,5,4,4,1,5.5,125.5,75.0,2,1,Legal,Day,EMP00040
ATT1LEVPIXK,EMP00393,2024-03,23,16,7,0,1,1,16.7,144.7,69.6,5,1,Sales,Day,EMP00040
ATTX12CRJQZ,EMP00435,2025-03,21,24,1,0,2,0,15.5,,95.2,0,1,Finance,Day,EMP00042
ATTQ76P3WZ9,EMP00619,2023-08,23,21,2,8,4,2,7.4,175.4,91.3,1,2,Sales,Day,EMP00038
ATTW6ZILCCU,EMP00211,2024-11,21,18,3,8,5,3,16.0,160.0,85.7,1,2,Product,Day,EMP00003
ATT3GED0OO1,EMP00201,2023-08,20,20,0,1,3,1,4.2,164.2,100.0,0,1,Legal,Day,EMP00032
ATTN6WZTNTF,EMP00165,2025-05,22,15,7,4,5,2,1.2,121.2,68.2,6,1,Legal,Day,EMP00048
ATTSH4VZ2O1,EMP00754,2024-05,21,19,2,0,3,1,4.4,156.4,150.0,2,1,Engineering,Day,EMP00048
ATT0NUBWGG7,EMP00538,2024-03,21,20,-1,1,4,0,9.4,169.4,95.2,0,0,Product,Day,EMP00035
ATTVW4JLD0J,EMP00083,2024-03,20,18,2,2,5,1,16.2,160.2,90.0,2,2,Marketing,Flexible,EMP00040
ATTYTD6A6O3,EMP00375,2023-11,23,19,4,9,2,0,10.8,162.8,82.6,0,0,Legal,Day,EMP00030
ATTTJLHWITH,EMP00300,2024-06,22,25,4,7,4,1,18.8,162.8,81.8,1,0,Marketing,Day,EMP00011
ATTI4LW5YX6,,2023-01,20,19,1,5,1,0,16.2,168.2,95.0,0,1,Engineering,Day,EMP00001
ATT6LF9F919,EMP00776,2024-03,20,20,0,2,4,0,-5.0,170.5,100.0,0,1,Product,Day,EMP00029
ATT0TCZA1ZW,EMP00518,2023-03,20,19,1,1,5,3,5.4,157.4,95.0,1,1,Human Resources,Flexible,EMP00039
ATTFJCHLJ0W,EMP00200,2023-09,23,23,0,3,3,0,12.1,196.1,100.0,0,0,Product,Flexible,EMP00041
ATTKL8RRVRP,EMP00154,2024-01,22,20,2,5,1,2,16.3,176.3,90.9,0,0,Marketing,Day,EMP00025
ATTNX7OB3S5,EMP00458,2025-02,22,21,1,4,0,3,8.6,176.6,95.5,1,1,Product,Day,EMP00014
ATT5PB4XWL9,EMP00064,2023-04,20,17,3,3,3,1,6.8,142.8,85.0,0,1,Product,Flexible,EMP00017
ATTBXH6F0NE,EMP00128,2023-06,20,16,4,8,2,1,7.7,135.7,80.0,1,0,Human Resources,Day,EMP00046
ATT2PIBAWBM,EMP00620,2025-04,21,26,5,2,0,2,17.7,145.7,76.2,1,0,Sales,Day,EMP00030
ATTZDT9W50L,EMP00364,2024-05,23,21,-1,6,4,0,6.6,174.6,91.3,1,0,Operations,Day,EMP00021
ATT34QRBL5H,EMP00330,2024-11,22,18,4,0,4,2,9.8,153.8,81.8,4,0,Legal,Flexible,EMP00024
ATT7BLS9G4T,EMP00703,2024-07,0,19,2,1,5,3,0.5,152.5,90.5,1,0,Finance,Day,EMP00044
ATTA116E92H,EMP00307,2024-03,21,15,6,2,2,0,7.2,127.2,71.4,4,2,Sales,Night,EMP00044
ATTESINM9WC,EMP00722,2024-04,20,20,0,4,4,2,7.6,167.6,100.0,0,2,Sales,Day,EMP00017
ATTUZUEVW27,EMP00753,2025-02,20,15,5,0,0,0,9.4,129.4,75.0,4,1,Finance,Day,EMP00039
ATTXOAO8PTA,EMP00788,2023-06,23,19,4,8,1,0,18.0,170.0,82.6,4,1,Legal,Night,EMP00007
ATT9ZJ7T73A,EMP00750,2025-05,23,15,8,5,5,3,7.5,127.5,65.2,5,0,Operations,Flexible,EMP00012
ATTZIM4Q8FK,,2025-03,22,27,3,0,2,3,2.2,154.2,86.4,1,0,Engineering,Flexible,EMP00029
ATTTIL6C0HB,EMP00796,2024-01,23,17,6,0,0,2,0.5,136.5,73.9,6,1,Product,Day,EMP00013
ATT7UDM0XNC,EMP00696,2024-01,23,20,3,7,4,2,16.4,176.4,87.0,2,1,Sales,Day,EMP00049
ATTDM9W1MIL,EMP00476,2023-10,22,20,2,9,0,1,5.5,165.5,90.9,1,1,Finance,Night,EMP00044
ATTOWU6FZAN,EMP00466,2023-08,21,21,0,8,3,2,1.5,169.5,100.0,0,0,Engineering,Flexible,EMP00033
ATT5M0NSKD2,EMP00050,2024-08,23,16,-1,0,2,1,0.4,128.4,69.6,3,0,Marketing,Night,EMP00018
ATTU376SH0B,EMP00528,2024-08,22,17,5,0,27,1,-5.0,,150.0,3,1,Engineering,Flexible,EMP00034
ATTYVB2W4N1,EMP00143,2023-06,23,23,0,0,2,2,1.8,185.8,100.0,0,2,Product,Day,EMP00043
ATTHD0ZM3VM,EMP00633,2025-04,21,18,3,8,5,3,15.5,159.5,85.7,1,0,Sales,Night,EMP00038
ATTAG2I0H00,EMP00398,2023-12,22,26,6,7,2,0,5.7,133.7,72.7,6,1,Finance,Day,EMP00020
ATTDUJX5ESO,EMP00507,2024-04,21,19,2,3,4,3,18.8,170.8,90.5,0,0,Finance,Day,EMP00033
ATT0D477SN6,EMP00740,2025-02,20,20,0,9,4,0,1.6,161.6,100.0,0,0,Product,Day,EMP00004
ATTMM7F1ONM,EMP00559,2025-04,23,17,6,3,0,0,7.9,143.9,73.9,3,0,Operations,Day,EMP00015
ATT2UB54HZ0,EMP00800,2023-10,20,19,1,2,3,3,5.1,157.1,95.0,1,2,Product,Day,EMP00004
ATT8FCQ1H0C,EMP00335,2024-01,20,19,1,9,3,3,11.4,163.4,95.0,1,1,Sales,Flexible,EMP00026
ATT5QOFBU1D,EMP00205,2024-09,21,20,1,5,2,0,1.0,161.0,95.2,1,1,Marketing,Flexible,EMP00032
ATT7BVQLZKL,EMP00181,2024-06,20,19,1,5,5,1,7.4,159.4,95.0,0,0,Marketing,Flexible,EMP00026
ATTI08KFR96,,2025-02,22,17,5,5,4,0,6.1,142.1,77.3,4,0,Sales,Day,EMP00035
ATTDX0FQ5HN,EMP00654,2023-10,20,23,-1,1,5,1,7.5,143.5,85.0,0,0,Product,Day,EMP00039
ATTO22KKXWH,EMP00057,2024-01,23,20,3,5,3,0,12.5,172.5,87.0,2,2,Marketing,Day,EMP00050
ATT0MXA9SVO,EMP00123,2023-10,20,15,5,5,3,0,8.6,128.6,75.0,1,1,Engineering,Day,EMP00022
ATT8HL7WSKC,EMP00594,2024-04,23,15,8,5,4,1,1.5,121.5,65.2,2,1,Marketing,Day,EMP00030
ATTBQX7BG6J,EMP00755,2023-05,22,19,3,4,3,2,9.1,161.1,86.4,2,1,Marketing,Night,EMP00016
ATT4MSZCKIZ,EMP00134,2023-02,23,20,3,4,2,1,9.0,169.0,87.0,1,0,Operations,Night,EMP00020
ATT2OGPBFNW,EMP00114,2024-11,21,16,5,5,4,3,10.6,138.6,76.2,1,1,Sales,Day,EMP00007
ATTDTR7B1UD,EMP00512,2024-05,22,21,1,6,3,0,7.1,175.1,95.5,0,1,Human Resources,Flexible,EMP00021
ATT9NZVTM89,EMP00204,2023-01,20,18,2,2,5,0,12.1,156.1,90.0,2,2,Engineering,Night,EMP00005
ATTO1FFQYCY,EMP00599,2024-06,21,26,5,7,0,2,15.7,143.7,76.2,0,0,Human Resources,Flexible,EMP00007
ATTCHKUD4AN,EMP00149,2024-08,22,16,6,10,2,1,-5.0,145.2,72.7,0,1,Product,Day,EMP00024
ATT76HB3TYZ,EMP00353,2023-04,23,17,6,5,1,3,19.4,155.4,73.9,0,1,Operations,Day,EMP00020
ATT2CWFYT5F,EMP00254,2023-09,22,18,4,1,4,0,3.9,147.9,81.8,4,1,Legal,Night,EMP00012
ATTQAJW184U,EMP00500,2025-01,21,15,-1,9,0,1,17.7,137.7,71.4,3,2,Legal,Day,EMP00048
